Observation station;Year;Month;Day;Time [Local time];Snow depth mean [cm];Air temperature mean [°C];Wind speed mean [m/s];Relative humidity mean [%]
Sodankylä Tähtelä;2022;11;01;00:00;3;-1.6;2.2;98
Sodankylä Tähtelä;2022;11;01;01:00;3;-1.8;1.9;98
Sodankylä Tähtelä;2022;11;01;02:00;3;-1.8;1.5;98
Sodankylä Tähtelä;2022;11;01;03:00;3;-1.8;1.5;97.2
Sodankylä Tähtelä;2022;11;01;04:00;3;-1.6;1.3;97
Sodankylä Tähtelä;2022;11;01;05:00;3;-1.5;1.2;97
Sodankylä Tähtelä;2022;11;01;06:00;3;-1.5;1.5;97
Sodankylä Tähtelä;2022;11;01;07:00;3;-1.4;1.2;97
Sodankylä Tähtelä;2022;11;01;08:00;3;-1.4;1.3;97.5
Sodankylä Tähtelä;2022;11;01;09:00;3;-1.2;1;98
Sodankylä Tähtelä;2022;11;01;10:00;3;-1;1;98.1
Sodankylä Tähtelä;2022;11;01;11:00;3;-0.9;0.9;98
Sodankylä Tähtelä;2022;11;01;12:00;3;-0.6;0.3;98
Sodankylä Tähtelä;2022;11;01;13:00;3;-0.2;0.5;97.7
Sodankylä Tähtelä;2022;11;01;14:00;3;0;0.9;97
Sodankylä Tähtelä;2022;11;01;15:00;3;0;0.8;97.2
Sodankylä Tähtelä;2022;11;01;16:00;3;-0.4;1.1;97.8
Sodankylä Tähtelä;2022;11;01;17:00;3;-0.9;0.7;98
Sodankylä Tähtelä;2022;11;01;18:00;3;-1.1;0.9;98.5
Sodankylä Tähtelä;2022;11;01;19:00;3;-1.8;1.4;98.3
Sodankylä Tähtelä;2022;11;01;20:00;3;-2.2;1.6;98
Sodankylä Tähtelä;2022;11;01;21:00;3;-2.8;1.9;98
Sodankylä Tähtelä;2022;11;01;22:00;3;-3.3;1.6;97.1
Sodankylä Tähtelä;2022;11;01;23:00;3;-3.9;1.7;95.9
Sodankylä Tähtelä;2022;11;02;00:00;3;-4.6;1.5;95
Sodankylä Tähtelä;2022;11;02;01:00;3;-5.1;1.4;95.6
Sodankylä Tähtelä;2022;11;02;02:00;3;-5.2;1.6;95
Sodankylä Tähtelä;2022;11;02;03:00;3;-5.2;1.4;95
Sodankylä Tähtelä;2022;11;02;04:00;3;-5.5;1.7;94.8
Sodankylä Tähtelä;2022;11;02;05:00;3;-5.4;1.8;95.8
Sodankylä Tähtelä;2022;11;02;06:00;3;-4.9;2;95.9
Sodankylä Tähtelä;2022;11;02;07:00;3;-4.5;2;96.3
Sodankylä Tähtelä;2022;11;02;08:00;3;-3.9;2.1;97
Sodankylä Tähtelä;2022;11;02;09:00;3;-3.7;1.9;97.1
Sodankylä Tähtelä;2022;11;02;10:00;3;-3.4;2.6;97
Sodankylä Tähtelä;2022;11;02;11:00;3;-3.1;2.5;97.7
Sodankylä Tähtelä;2022;11;02;12:00;3;-2.6;2.5;98
Sodankylä Tähtelä;2022;11;02;13:00;3;-2;2.5;98
Sodankylä Tähtelä;2022;11;02;14:00;3;-2.4;1.8;97
Sodankylä Tähtelä;2022;11;02;15:00;3;-2.7;1.2;96.3
Sodankylä Tähtelä;2022;11;02;16:00;3;-2.5;1.8;97
Sodankylä Tähtelä;2022;11;02;17:00;3;-2;1.6;97.5
Sodankylä Tähtelä;2022;11;02;18:00;3;-1.8;1.3;98
Sodankylä Tähtelä;2022;11;02;19:00;3;-2;2;98
Sodankylä Tähtelä;2022;11;02;20:00;3;-2.1;2.4;98
Sodankylä Tähtelä;2022;11;02;21:00;3;-2.5;2.7;97.5
Sodankylä Tähtelä;2022;11;02;22:00;3;-2.7;2.5;97
Sodankylä Tähtelä;2022;11;02;23:00;3;-2.9;2.4;97
Sodankylä Tähtelä;2022;11;03;00:00;3;-2.8;2.4;97
Sodankylä Tähtelä;2022;11;03;01:00;3;-2.6;2.4;97
Sodankylä Tähtelä;2022;11;03;02:00;3;-2.5;2.2;97
Sodankylä Tähtelä;2022;11;03;03:00;3;-2.3;2.1;97
Sodankylä Tähtelä;2022;11;03;04:00;3;-2;1.6;97
Sodankylä Tähtelä;2022;11;03;05:00;3;-1.7;1.8;97
Sodankylä Tähtelä;2022;11;03;06:00;3;-1.6;1.8;97.4
Sodankylä Tähtelä;2022;11;03;07:00;3;-1.5;2.4;98
Sodankylä Tähtelä;2022;11;03;08:00;3;-1.2;1.9;98
Sodankylä Tähtelä;2022;11;03;09:00;3;-1;1.8;98.6
Sodankylä Tähtelä;2022;11;03;10:00;3;-0.6;1.7;99
Sodankylä Tähtelä;2022;11;03;11:00;3;-0.2;1.8;99
Sodankylä Tähtelä;2022;11;03;12:00;3;0.1;1.8;99
Sodankylä Tähtelä;2022;11;03;13:00;3;0.2;2.1;99
Sodankylä Tähtelä;2022;11;03;14:00;3;0.2;3;99
Sodankylä Tähtelä;2022;11;03;15:00;3;0.1;2.7;99
Sodankylä Tähtelä;2022;11;03;16:00;3;0.1;2.5;99
Sodankylä Tähtelä;2022;11;03;17:00;3;0.1;2.4;99
Sodankylä Tähtelä;2022;11;03;18:00;3;0;2.2;99
Sodankylä Tähtelä;2022;11;03;19:00;3;0.1;2.5;99
Sodankylä Tähtelä;2022;11;03;20:00;3;0.1;2.5;99
Sodankylä Tähtelä;2022;11;03;21:00;3;0.2;2.4;99
Sodankylä Tähtelä;2022;11;03;22:00;3;0.2;2.1;99
Sodankylä Tähtelä;2022;11;03;23:00;3;0.3;1.9;99
Sodankylä Tähtelä;2022;11;04;00:00;3;0.5;2.4;99
Sodankylä Tähtelä;2022;11;04;01:00;3;0.7;2.3;99
Sodankylä Tähtelä;2022;11;04;02:00;3;0.8;2;99
Sodankylä Tähtelä;2022;11;04;03:00;3;1;2.1;99
Sodankylä Tähtelä;2022;11;04;04:00;3;1.2;2.4;99
Sodankylä Tähtelä;2022;11;04;05:00;3;1.4;2.3;99.4
Sodankylä Tähtelä;2022;11;04;06:00;3;1.7;2.9;99.8
Sodankylä Tähtelä;2022;11;04;07:00;3;2;3.6;99.9
Sodankylä Tähtelä;2022;11;04;08:00;3;2.4;3.3;99.7
Sodankylä Tähtelä;2022;11;04;09:00;3;2.7;3;99
Sodankylä Tähtelä;2022;11;04;10:00;3;3;3.3;99
Sodankylä Tähtelä;2022;11;04;11:00;3;3.2;3.3;99
Sodankylä Tähtelä;2022;11;04;12:00;3;3.3;3.2;99
Sodankylä Tähtelä;2022;11;04;13:00;3;3.4;2.9;99
Sodankylä Tähtelä;2022;11;04;14:00;3;3.7;3.2;99
Sodankylä Tähtelä;2022;11;04;15:00;2.6;3.9;3.5;99.2
Sodankylä Tähtelä;2022;11;04;16:00;2;3.8;3.2;99.5
Sodankylä Tähtelä;2022;11;04;17:00;2;3.9;3;99.3
Sodankylä Tähtelä;2022;11;04;18:00;2;3.9;3.1;99
Sodankylä Tähtelä;2022;11;04;19:00;2;4.1;3.5;99.6
Sodankylä Tähtelä;2022;11;04;20:00;0.8;4.3;3.5;99.5
Sodankylä Tähtelä;2022;11;04;21:00;2;4.6;3.9;99.1
Sodankylä Tähtelä;2022;11;04;22:00;0.8;4.8;4;99
Sodankylä Tähtelä;2022;11;04;23:00;0;4.9;3.5;98.2
Sodankylä Tähtelä;2022;11;05;00:00;0;4.9;4.6;96.7
Sodankylä Tähtelä;2022;11;05;01:00;0;4.8;3.5;95.8
Sodankylä Tähtelä;2022;11;05;02:00;0;4.6;2.9;96.6
Sodankylä Tähtelä;2022;11;05;03:00;0;4.4;3;95.7
Sodankylä Tähtelä;2022;11;05;04:00;0;4.2;3.1;95
Sodankylä Tähtelä;2022;11;05;05:00;0;4.2;3.7;93.8
Sodankylä Tähtelä;2022;11;05;06:00;0;4.1;3.5;91.4
Sodankylä Tähtelä;2022;11;05;07:00;0;4;3.4;92.1
Sodankylä Tähtelä;2022;11;05;08:00;0;4.4;4.2;91.1
Sodankylä Tähtelä;2022;11;05;09:00;0;4.3;5.6;86.9
Sodankylä Tähtelä;2022;11;05;10:00;0;4.2;5.1;86.5
Sodankylä Tähtelä;2022;11;05;11:00;0;4.3;4.3;87.3
Sodankylä Tähtelä;2022;11;05;12:00;0;4.5;5.1;87.6
Sodankylä Tähtelä;2022;11;05;13:00;0;4.5;4.9;87.2
Sodankylä Tähtelä;2022;11;05;14:00;0;4.2;4.2;91.6
Sodankylä Tähtelä;2022;11;05;15:00;0;4;4.1;91.5
Sodankylä Tähtelä;2022;11;05;16:00;0;3.6;3.7;93
Sodankylä Tähtelä;2022;11;05;17:00;0;3.2;4;94.3
Sodankylä Tähtelä;2022;11;05;18:00;0;2.9;3.9;95.1
Sodankylä Tähtelä;2022;11;05;19:00;0;2.6;4.1;95.7
Sodankylä Tähtelä;2022;11;05;20:00;0;2.3;3.9;96
Sodankylä Tähtelä;2022;11;05;21:00;0;2.1;3.9;96
Sodankylä Tähtelä;2022;11;05;22:00;0;1.9;4.3;95.7
Sodankylä Tähtelä;2022;11;05;23:00;0;1.8;4.3;95.7
Sodankylä Tähtelä;2022;11;06;00:00;0;1.7;4.5;96
Sodankylä Tähtelä;2022;11;06;01:00;0;1.6;4.5;95.8
Sodankylä Tähtelä;2022;11;06;02:00;0;1.2;4.5;94.3
Sodankylä Tähtelä;2022;11;06;03:00;0;0.6;4.9;93.3
Sodankylä Tähtelä;2022;11;06;04:00;0;0;5.1;92.7
Sodankylä Tähtelä;2022;11;06;05:00;0;-0.2;4.6;92
Sodankylä Tähtelä;2022;11;06;06:00;0;-0.4;4.1;91.4
Sodankylä Tähtelä;2022;11;06;07:00;0;-0.6;4.7;90.6
Sodankylä Tähtelä;2022;11;06;08:00;0;-0.9;4.6;89.8
Sodankylä Tähtelä;2022;11;06;09:00;0;-1.2;2.7;88.8
Sodankylä Tähtelä;2022;11;06;10:00;0;-1.5;2.6;93.3
Sodankylä Tähtelä;2022;11;06;11:00;1.6;-1.7;2.5;95
Sodankylä Tähtelä;2022;11;06;12:00;1.9;-1.8;2.4;93.5
Sodankylä Tähtelä;2022;11;06;13:00;0.4;-1.8;2.5;93.5
Sodankylä Tähtelä;2022;11;06;14:00;2;-1.8;2;94.7
Sodankylä Tähtelä;2022;11;06;15:00;1.6;-1.9;1.8;94.6
Sodankylä Tähtelä;2022;11;06;16:00;2;-1.9;2;95
Sodankylä Tähtelä;2022;11;06;17:00;2;-1.7;2.2;95
Sodankylä Tähtelä;2022;11;06;18:00;2;-1.6;2.5;95.1
Sodankylä Tähtelä;2022;11;06;19:00;2;-1.6;1.6;95.6
Sodankylä Tähtelä;2022;11;06;20:00;1.5;-1.4;2.2;96.6
Sodankylä Tähtelä;2022;11;06;21:00;2;-1.3;1.9;97
Sodankylä Tähtelä;2022;11;06;22:00;3;-1.3;1.5;97
Sodankylä Tähtelä;2022;11;06;23:00;3;-1.2;1.3;97.5
Sodankylä Tähtelä;2022;11;07;00:00;3;-1;2.2;98
Sodankylä Tähtelä;2022;11;07;01:00;3;-1.1;1.9;97.4
Sodankylä Tähtelä;2022;11;07;02:00;3;-1.2;1.5;97.6
Sodankylä Tähtelä;2022;11;07;03:00;3;-1.1;0.8;98
Sodankylä Tähtelä;2022;11;07;04:00;3;-1.1;1;97.9
Sodankylä Tähtelä;2022;11;07;05:00;3;-1.7;0.7;97
Sodankylä Tähtelä;2022;11;07;06:00;3;-1.9;1;97.5
Sodankylä Tähtelä;2022;11;07;07:00;3;-1.7;1;98
Sodankylä Tähtelä;2022;11;07;08:00;3;-1.5;1.1;98
Sodankylä Tähtelä;2022;11;07;09:00;3;-1.5;1.2;97.7
Sodankylä Tähtelä;2022;11;07;10:00;3;-1.8;1.1;96.7
Sodankylä Tähtelä;2022;11;07;11:00;3;-2.5;1.4;96.4
Sodankylä Tähtelä;2022;11;07;12:00;3;-3;1.4;96.5
Sodankylä Tähtelä;2022;11;07;13:00;3;-3.2;1.6;96.2
Sodankylä Tähtelä;2022;11;07;14:00;3;-3.1;1.6;94.9
Sodankylä Tähtelä;2022;11;07;15:00;3;-3.3;1.6;94.9
Sodankylä Tähtelä;2022;11;07;16:00;3;-3.2;1.4;95.7
Sodankylä Tähtelä;2022;11;07;17:00;3;-2.6;1.7;94.9
Sodankylä Tähtelä;2022;11;07;18:00;3;-2.5;1.3;94.5
Sodankylä Tähtelä;2022;11;07;19:00;3;-2.7;1.7;94.8
Sodankylä Tähtelä;2022;11;07;20:00;3;-2.8;1.4;95.1
Sodankylä Tähtelä;2022;11;07;21:00;3;-2.9;1.6;95
Sodankylä Tähtelä;2022;11;07;22:00;3;-2.9;1.1;95.5
Sodankylä Tähtelä;2022;11;07;23:00;3;-2.8;1.8;95
Sodankylä Tähtelä;2022;11;08;00:00;3;-3;2.3;95.4
Sodankylä Tähtelä;2022;11;08;01:00;3;-3.2;1.7;96
Sodankylä Tähtelä;2022;11;08;02:00;3;-3.2;1.6;96
Sodankylä Tähtelä;2022;11;08;03:00;2.9;-3.1;0.8;96
Sodankylä Tähtelä;2022;11;08;04:00;3;-3.4;0.8;95.4
Sodankylä Tähtelä;2022;11;08;05:00;3.9;-3.4;0.8;96
Sodankylä Tähtelä;2022;11;08;06:00;3.9;-3.3;1.2;95.9
Sodankylä Tähtelä;2022;11;08;07:00;4.4;-3.5;1.1;95.1
Sodankylä Tähtelä;2022;11;08;08:00;4.9;-3.5;0.9;96
Sodankylä Tähtelä;2022;11;08;09:00;4.7;-3.4;1.6;95.6
Sodankylä Tähtelä;2022;11;08;10:00;4.9;-3.6;1.6;94.6
Sodankylä Tähtelä;2022;11;08;11:00;5;-3.8;1.7;94.4
Sodankylä Tähtelä;2022;11;08;12:00;5;-3.7;1.8;96.2
Sodankylä Tähtelä;2022;11;08;13:00;5;-3.5;2.4;95.3
Sodankylä Tähtelä;2022;11;08;14:00;5;-3.6;2.5;94
Sodankylä Tähtelä;2022;11;08;15:00;4.3;-4.1;2.7;95.3
Sodankylä Tähtelä;2022;11;08;16:00;5;-4.2;2.3;96
Sodankylä Tähtelä;2022;11;08;17:00;5;-4.3;2;95.9
Sodankylä Tähtelä;2022;11;08;18:00;5;-4.2;1.9;95.8
Sodankylä Tähtelä;2022;11;08;19:00;5;-4.3;2.3;95.5
Sodankylä Tähtelä;2022;11;08;20:00;5;-4.5;2.7;95
Sodankylä Tähtelä;2022;11;08;21:00;5;-4.8;2.9;94.5
Sodankylä Tähtelä;2022;11;08;22:00;5;-4.7;1.3;94.6
Sodankylä Tähtelä;2022;11;08;23:00;5;-4.8;1.5;94.5
Sodankylä Tähtelä;2022;11;09;00:00;5;-4.7;1.3;95
Sodankylä Tähtelä;2022;11;09;01:00;5;-4.5;1.9;95
Sodankylä Tähtelä;2022;11;09;02:00;5;-4.4;1.2;94.5
Sodankylä Tähtelä;2022;11;09;03:00;5;-4.4;1.4;94.4
Sodankylä Tähtelä;2022;11;09;04:00;5;-4.5;1.3;94.7
Sodankylä Tähtelä;2022;11;09;05:00;5;-4.2;1.7;96
Sodankylä Tähtelä;2022;11;09;06:00;5;-3.8;1.8;95.8
Sodankylä Tähtelä;2022;11;09;07:00;5;-3.9;1.5;95.4
Sodankylä Tähtelä;2022;11;09;08:00;5;-3.8;1.8;96
Sodankylä Tähtelä;2022;11;09;09:00;5;-3.7;2.4;96
Sodankylä Tähtelä;2022;11;09;10:00;4.2;-3.8;2.4;95.1
Sodankylä Tähtelä;2022;11;09;11:00;3;-3.7;1.9;95
Sodankylä Tähtelä;2022;11;09;12:00;3.3;-3.5;2.2;95.7
Sodankylä Tähtelä;2022;11;09;13:00;4.3;-3.4;2.5;95
Sodankylä Tähtelä;2022;11;09;14:00;4.3;-3.3;2.1;94.8
Sodankylä Tähtelä;2022;11;09;15:00;3.9;-3.4;1.7;94.2
Sodankylä Tähtelä;2022;11;09;16:00;4.6;-3.4;1.9;94.7
Sodankylä Tähtelä;2022;11;09;17:00;5;-3.4;1.7;94
Sodankylä Tähtelä;2022;11;09;18:00;4.8;-3.4;1.1;94.7
Sodankylä Tähtelä;2022;11;09;19:00;3.8;-3.3;1.1;95
Sodankylä Tähtelä;2022;11;09;20:00;4;-3.2;1.5;94.3
Sodankylä Tähtelä;2022;11;09;21:00;4;-3.4;1.2;94.8
Sodankylä Tähtelä;2022;11;09;22:00;4;-3.2;1.5;95.9
Sodankylä Tähtelä;2022;11;09;23:00;4;-3.2;1.4;95.1
Sodankylä Tähtelä;2022;11;10;00:00;4;-3;1.7;96
Sodankylä Tähtelä;2022;11;10;01:00;4;-2.6;2.1;96
Sodankylä Tähtelä;2022;11;10;02:00;4.1;-2.4;1.9;96
Sodankylä Tähtelä;2022;11;10;03:00;4.8;-2.2;1.8;96
Sodankylä Tähtelä;2022;11;10;04:00;5;-2.4;1.8;96
Sodankylä Tähtelä;2022;11;10;05:00;5.2;-2.2;1.6;96.9
Sodankylä Tähtelä;2022;11;10;06:00;5.4;-2;1.5;97
Sodankylä Tähtelä;2022;11;10;07:00;5.7;-1.9;1.1;97
Sodankylä Tähtelä;2022;11;10;08:00;6;-1.8;1.4;97
Sodankylä Tähtelä;2022;11;10;09:00;6;-1.7;1.4;97
Sodankylä Tähtelä;2022;11;10;10:00;6;-1.3;2.2;97.1
Sodankylä Tähtelä;2022;11;10;11:00;6;-1;2.2;97
Sodankylä Tähtelä;2022;11;10;12:00;6;-0.8;2.5;97.3
Sodankylä Tähtelä;2022;11;10;13:00;6;-0.8;2.2;97.1
Sodankylä Tähtelä;2022;11;10;14:00;6;-0.9;2;97
Sodankylä Tähtelä;2022;11;10;15:00;6;-1;1.3;97
Sodankylä Tähtelä;2022;11;10;16:00;6;-1;1.4;97
Sodankylä Tähtelä;2022;11;10;17:00;6;-1;1.2;97.2
Sodankylä Tähtelä;2022;11;10;18:00;6;-1;1;98
Sodankylä Tähtelä;2022;11;10;19:00;6;-1.1;1.4;98
Sodankylä Tähtelä;2022;11;10;20:00;6;-1.2;1.7;98
Sodankylä Tähtelä;2022;11;10;21:00;6;-1.2;1.4;98
Sodankylä Tähtelä;2022;11;10;22:00;6;-1.2;1.5;97.8
Sodankylä Tähtelä;2022;11;10;23:00;6;-1.2;1.9;97.5
Sodankylä Tähtelä;2022;11;11;00:00;5;-1.2;1.9;97
Sodankylä Tähtelä;2022;11;11;01:00;5;-1.4;2.3;96.7
Sodankylä Tähtelä;2022;11;11;02:00;5;-1.6;3;96.5
Sodankylä Tähtelä;2022;11;11;03:00;5;-1.7;2.5;97.4
Sodankylä Tähtelä;2022;11;11;04:00;5;-1.7;3.3;96.8
Sodankylä Tähtelä;2022;11;11;05:00;5;-1.9;2.8;95.4
Sodankylä Tähtelä;2022;11;11;06:00;5;-1.9;3.7;95.9
Sodankylä Tähtelä;2022;11;11;07:00;5.2;-2.1;3.5;96
Sodankylä Tähtelä;2022;11;11;08:00;6.1;-2.2;4.2;96
Sodankylä Tähtelä;2022;11;11;09:00;7.7;-2.1;4.6;96
Sodankylä Tähtelä;2022;11;11;10:00;10.6;-1.4;4.9;96.9
Sodankylä Tähtelä;2022;11;11;11:00;11.6;-0.3;4.8;97.8
Sodankylä Tähtelä;2022;11;11;12:00;12;0.3;3.8;98
Sodankylä Tähtelä;2022;11;11;13:00;12;0.4;2.8;98.4
Sodankylä Tähtelä;2022;11;11;14:00;11.3;0.7;2.6;99
Sodankylä Tähtelä;2022;11;11;15:00;11;1;3.9;99
Sodankylä Tähtelä;2022;11;11;16:00;11;0.8;5;97.5
Sodankylä Tähtelä;2022;11;11;17:00;11;0.5;5.1;97
Sodankylä Tähtelä;2022;11;11;18:00;10.4;0.4;4.7;96.3
Sodankylä Tähtelä;2022;11;11;19:00;10.1;0.2;3.5;95
Sodankylä Tähtelä;2022;11;11;20:00;10.4;-0.4;2.5;95
Sodankylä Tähtelä;2022;11;11;21:00;10;-1;1.3;95.6
Sodankylä Tähtelä;2022;11;11;22:00;10;-1.3;2;95.7
Sodankylä Tähtelä;2022;11;11;23:00;10;-2;1.4;96
Sodankylä Tähtelä;2022;11;12;00:00;10;-3.2;1.5;96.3
Sodankylä Tähtelä;2022;11;12;01:00;10;-2.9;2.2;97.8
Sodankylä Tähtelä;2022;11;12;02:00;10;-2.3;2;98.3
Sodankylä Tähtelä;2022;11;12;03:00;10;-2.8;1.8;97.7
Sodankylä Tähtelä;2022;11;12;04:00;10;-3.2;1.4;97
Sodankylä Tähtelä;2022;11;12;05:00;10;-3;2.1;97.7
Sodankylä Tähtelä;2022;11;12;06:00;10;-2.5;2;98
Sodankylä Tähtelä;2022;11;12;07:00;10;-2.6;1.8;98
Sodankylä Tähtelä;2022;11;12;08:00;10;-2.8;1.4;97.9
Sodankylä Tähtelä;2022;11;12;09:00;10;-2.3;1.6;98.4
Sodankylä Tähtelä;2022;11;12;10:00;10;-1.3;1.5;99
Sodankylä Tähtelä;2022;11;12;11:00;10;-0.5;1.3;99
Sodankylä Tähtelä;2022;11;12;12:00;10;0.2;1.9;99
Sodankylä Tähtelä;2022;11;12;13:00;10;1.3;2.7;99
Sodankylä Tähtelä;2022;11;12;14:00;9.5;1.3;3.5;98.7
Sodankylä Tähtelä;2022;11;12;15:00;9.2;0.4;3.4;96.6
Sodankylä Tähtelä;2022;11;12;16:00;9;-0.2;3.8;96.2
Sodankylä Tähtelä;2022;11;12;17:00;9;-0.3;3.8;94.3
Sodankylä Tähtelä;2022;11;12;18:00;9;-0.3;3.6;94
Sodankylä Tähtelä;2022;11;12;19:00;9;-0.1;3.4;94.5
Sodankylä Tähtelä;2022;11;12;20:00;9.4;0.2;2.8;96.1
Sodankylä Tähtelä;2022;11;12;21:00;9.1;0.8;3.2;96.3
Sodankylä Tähtelä;2022;11;12;22:00;9;1.3;3;95
Sodankylä Tähtelä;2022;11;12;23:00;9;1.2;2.2;95.2
Sodankylä Tähtelä;2022;11;13;00:00;9;1;2;96.4
Sodankylä Tähtelä;2022;11;13;01:00;9;1;3.2;96.8
Sodankylä Tähtelä;2022;11;13;02:00;9;1;2.5;97
Sodankylä Tähtelä;2022;11;13;03:00;9;1;2;97
Sodankylä Tähtelä;2022;11;13;04:00;9;0.9;1.4;97.4
Sodankylä Tähtelä;2022;11;13;05:00;9;1;1.8;98
Sodankylä Tähtelä;2022;11;13;06:00;9;1;2;97.3
Sodankylä Tähtelä;2022;11;13;07:00;9;0.9;1.8;96.3
Sodankylä Tähtelä;2022;11;13;08:00;9;0.3;1.6;96.6
Sodankylä Tähtelä;2022;11;13;09:00;9;-0.7;1.4;97
Sodankylä Tähtelä;2022;11;13;10:00;9;-1;1.2;98
Sodankylä Tähtelä;2022;11;13;11:00;9;-0.8;0.7;98.8
Sodankylä Tähtelä;2022;11;13;12:00;9;-0.9;0.7;98.7
Sodankylä Tähtelä;2022;11;13;13:00;9;-0.7;0.8;98.1
Sodankylä Tähtelä;2022;11;13;14:00;9;-0.2;1.3;98.9
Sodankylä Tähtelä;2022;11;13;15:00;9;-0.1;1.2;99
Sodankylä Tähtelä;2022;11;13;16:00;9;-0.3;1.3;98.9
Sodankylä Tähtelä;2022;11;13;17:00;9;-0.5;1.9;98.1
Sodankylä Tähtelä;2022;11;13;18:00;9;-0.7;2.2;97.4
Sodankylä Tähtelä;2022;11;13;19:00;9;-0.9;2.3;96
Sodankylä Tähtelä;2022;11;13;20:00;9;-1.2;2;96.6
Sodankylä Tähtelä;2022;11;13;21:00;9;-1.1;2.1;97
Sodankylä Tähtelä;2022;11;13;22:00;9;-1.1;2.2;97
Sodankylä Tähtelä;2022;11;13;23:00;9;-1.1;2.1;97
Sodankylä Tähtelä;2022;11;14;00:00;9;-0.9;2.2;96
Sodankylä Tähtelä;2022;11;14;01:00;9;-1;2.5;96.3
Sodankylä Tähtelä;2022;11;14;02:00;9;-1;2.1;97.2
Sodankylä Tähtelä;2022;11;14;03:00;9;-0.9;1.9;98
Sodankylä Tähtelä;2022;11;14;04:00;9;-0.8;2.3;98.1
Sodankylä Tähtelä;2022;11;14;05:00;9;-0.9;2.3;98
Sodankylä Tähtelä;2022;11;14;06:00;9;-1.1;2.5;97.7
Sodankylä Tähtelä;2022;11;14;07:00;9;-1.3;2;97.9
Sodankylä Tähtelä;2022;11;14;08:00;9;-1.4;1.9;97
Sodankylä Tähtelä;2022;11;14;09:00;9;-1.4;1.9;97
Sodankylä Tähtelä;2022;11;14;10:00;9;-1.5;1.9;97.4
Sodankylä Tähtelä;2022;11;14;11:00;9;-1.7;1.7;96.8
Sodankylä Tähtelä;2022;11;14;12:00;9;-2;1.9;95.3
Sodankylä Tähtelä;2022;11;14;13:00;9;-2.2;1.6;95.9
Sodankylä Tähtelä;2022;11;14;14:00;9;-2.4;1.8;96.6
Sodankylä Tähtelä;2022;11;14;15:00;9;-2.7;1.5;96.8
Sodankylä Tähtelä;2022;11;14;16:00;9;-3.1;1.6;97
Sodankylä Tähtelä;2022;11;14;17:00;9;-3.6;1.4;96.2
Sodankylä Tähtelä;2022;11;14;18:00;9;-4;0.9;96
Sodankylä Tähtelä;2022;11;14;19:00;9;-4.6;1.2;96
Sodankylä Tähtelä;2022;11;14;20:00;9;-5;1.2;95.9
Sodankylä Tähtelä;2022;11;14;21:00;9;-5.3;1.5;94.9
Sodankylä Tähtelä;2022;11;14;22:00;9;-6.2;1.8;93.8
Sodankylä Tähtelä;2022;11;14;23:00;9;-6.9;1.6;93.7
Sodankylä Tähtelä;2022;11;15;00:00;9;-7.6;1;93
Sodankylä Tähtelä;2022;11;15;01:00;9;-7.3;1.2;94.4
Sodankylä Tähtelä;2022;11;15;02:00;9;-6.7;1.1;96
Sodankylä Tähtelä;2022;11;15;03:00;9;-5.8;1.1;97
Sodankylä Tähtelä;2022;11;15;04:00;9;-5;0.7;97.5
Sodankylä Tähtelä;2022;11;15;05:00;9;-4.3;0.9;97.6
Sodankylä Tähtelä;2022;11;15;06:00;9.1;-3.7;2;97.4
Sodankylä Tähtelä;2022;11;15;07:00;9;-3.4;1.9;97.2
Sodankylä Tähtelä;2022;11;15;08:00;9;-3.7;2.2;96.8
Sodankylä Tähtelä;2022;11;15;09:00;9;-4.2;2.4;95.3
Sodankylä Tähtelä;2022;11;15;10:00;9;-4.8;2.2;95
Sodankylä Tähtelä;2022;11;15;11:00;9;-4.8;2;95.1
Sodankylä Tähtelä;2022;11;15;12:00;9;-5.1;1.4;94.8
Sodankylä Tähtelä;2022;11;15;13:00;9;-5.1;1.6;95.6
Sodankylä Tähtelä;2022;11;15;14:00;9;-5.2;1.7;95.1
Sodankylä Tähtelä;2022;11;15;15:00;9;-5.4;1.8;95
Sodankylä Tähtelä;2022;11;15;16:00;9;-5.6;1.7;95.2
Sodankylä Tähtelä;2022;11;15;17:00;9;-4.9;1.8;96.5
Sodankylä Tähtelä;2022;11;15;18:00;9;-4.1;1.7;96.2
Sodankylä Tähtelä;2022;11;15;19:00;9;-4.1;1.5;95
Sodankylä Tähtelä;2022;11;15;20:00;9;-4.7;1.4;94.2
Sodankylä Tähtelä;2022;11;15;21:00;9;-5.8;2.5;93.5
Sodankylä Tähtelä;2022;11;15;22:00;9;-5.7;2.7;93.9
Sodankylä Tähtelä;2022;11;15;23:00;9;-5.8;2.3;93.2
Sodankylä Tähtelä;2022;11;16;00:00;9;-6.3;1.7;93.2
Sodankylä Tähtelä;2022;11;16;01:00;9;-7;1.5;92.9
Sodankylä Tähtelä;2022;11;16;02:00;9;-7.7;1.3;92.3
Sodankylä Tähtelä;2022;11;16;03:00;9;-8.5;1.3;91.9
Sodankylä Tähtelä;2022;11;16;04:00;9;-9;1.2;91.1
Sodankylä Tähtelä;2022;11;16;05:00;9;-9.2;1.3;91.9
Sodankylä Tähtelä;2022;11;16;06:00;9;-9.6;1.2;90.5
Sodankylä Tähtelä;2022;11;16;07:00;9;-10.1;0.6;90.4
Sodankylä Tähtelä;2022;11;16;08:00;9;-10.6;0.5;89.7
Sodankylä Tähtelä;2022;11;16;09:00;9;-11.8;0.5;87.4
Sodankylä Tähtelä;2022;11;16;10:00;9;-12.8;0.9;87.4
Sodankylä Tähtelä;2022;11;16;11:00;9;-13.4;0.8;87.6
Sodankylä Tähtelä;2022;11;16;12:00;9;-13.3;0.6;88.4
Sodankylä Tähtelä;2022;11;16;13:00;9;-13.1;0.4;88.5
Sodankylä Tähtelä;2022;11;16;14:00;9;-13.1;0.6;88.5
Sodankylä Tähtelä;2022;11;16;15:00;9;-13.2;0.8;88.1
Sodankylä Tähtelä;2022;11;16;16:00;9;-14;0.9;86.5
Sodankylä Tähtelä;2022;11;16;17:00;9;-14.7;0.7;86.9
Sodankylä Tähtelä;2022;11;16;18:00;9;-15.4;0.2;85.5
Sodankylä Tähtelä;2022;11;16;19:00;9;-16;0.3;85.7
Sodankylä Tähtelä;2022;11;16;20:00;9;-16.4;0.6;85.3
Sodankylä Tähtelä;2022;11;16;21:00;9;-16.8;0.6;85.1
Sodankylä Tähtelä;2022;11;16;22:00;9;-16.8;0.6;85.5
Sodankylä Tähtelä;2022;11;16;23:00;9;-17.2;0.7;84.5
Sodankylä Tähtelä;2022;11;17;00:00;9;-17.6;0.4;84.5
Sodankylä Tähtelä;2022;11;17;01:00;9;-17.9;0.4;84.1
Sodankylä Tähtelä;2022;11;17;02:00;9;-18.3;0.1;84
Sodankylä Tähtelä;2022;11;17;03:00;9;-18.7;0.4;83.8
Sodankylä Tähtelä;2022;11;17;04:00;9;-18.7;0.6;84.4
Sodankylä Tähtelä;2022;11;17;05:00;9;-18.7;0.3;83.9
Sodankylä Tähtelä;2022;11;17;06:00;9;-19.2;0.7;83
Sodankylä Tähtelä;2022;11;17;07:00;9;-19.6;0.6;82.9
Sodankylä Tähtelä;2022;11;17;08:00;9;-19.9;0.6;84.7
Sodankylä Tähtelä;2022;11;17;09:00;9;-19.7;0.8;85
Sodankylä Tähtelä;2022;11;17;10:00;9;-19.9;1;82.7
Sodankylä Tähtelä;2022;11;17;11:00;9;-20;0.9;83.2
Sodankylä Tähtelä;2022;11;17;12:00;9;-19.2;1.4;84.4
Sodankylä Tähtelä;2022;11;17;13:00;9;-18.5;1.1;84.9
Sodankylä Tähtelä;2022;11;17;14:00;9;-17;2;87.3
Sodankylä Tähtelä;2022;11;17;15:00;9;-17.1;1;84.1
Sodankylä Tähtelä;2022;11;17;16:00;9;-18.3;0.9;83.3
Sodankylä Tähtelä;2022;11;17;17:00;9;-19.4;0.8;82.6
Sodankylä Tähtelä;2022;11;17;18:00;9;-20;0.8;82.4
Sodankylä Tähtelä;2022;11;17;19:00;9;-20.5;0.8;82.2
Sodankylä Tähtelä;2022;11;17;20:00;9;-20.7;0.8;82
Sodankylä Tähtelä;2022;11;17;21:00;9;-20.8;1.1;82.4
Sodankylä Tähtelä;2022;11;17;22:00;9;-21.2;1;81.7
Sodankylä Tähtelä;2022;11;17;23:00;9;-21.2;1.3;82.4
Sodankylä Tähtelä;2022;11;18;00:00;9;-20.6;1.2;83.6
Sodankylä Tähtelä;2022;11;18;01:00;9;-18.6;1.1;85.5
Sodankylä Tähtelä;2022;11;18;02:00;9;-16.7;0.9;86.5
Sodankylä Tähtelä;2022;11;18;03:00;9;-15.4;0.9;87.4
Sodankylä Tähtelä;2022;11;18;04:00;9;-14.6;0.9;89.3
Sodankylä Tähtelä;2022;11;18;05:00;9;-14.3;0.5;88.2
Sodankylä Tähtelä;2022;11;18;06:00;9;-14.3;0.8;87.5
Sodankylä Tähtelä;2022;11;18;07:00;9;-13.8;0.7;88.9
Sodankylä Tähtelä;2022;11;18;08:00;9;-13.5;1;88.4
Sodankylä Tähtelä;2022;11;18;09:00;9;-13.2;0.9;88.8
Sodankylä Tähtelä;2022;11;18;10:00;9;-12.3;0.6;90.4
Sodankylä Tähtelä;2022;11;18;11:00;9;-10.9;0.8;91
Sodankylä Tähtelä;2022;11;18;12:00;9;-9.9;0.4;91.7
Sodankylä Tähtelä;2022;11;18;13:00;9;-9.1;0.5;92.8
Sodankylä Tähtelä;2022;11;18;14:00;9;-8.4;0.4;93
Sodankylä Tähtelä;2022;11;18;15:00;9;-7.9;0.7;93.6
Sodankylä Tähtelä;2022;11;18;16:00;9;-7.5;1.1;94
Sodankylä Tähtelä;2022;11;18;17:00;9;-7.1;0.5;94
Sodankylä Tähtelä;2022;11;18;18:00;9;-6.8;0.6;94.1
Sodankylä Tähtelä;2022;11;18;19:00;9;-6.8;0.9;94
Sodankylä Tähtelä;2022;11;18;20:00;9;-7.1;0.6;93.7
Sodankylä Tähtelä;2022;11;18;21:00;9;-7.4;0.4;93.4
Sodankylä Tähtelä;2022;11;18;22:00;9;-7.1;0.5;94
Sodankylä Tähtelä;2022;11;18;23:00;9;-6.8;1;94
Sodankylä Tähtelä;2022;11;19;00:00;9;-6.6;1.2;94
Sodankylä Tähtelä;2022;11;19;01:00;9;-6.4;1;94
Sodankylä Tähtelä;2022;11;19;02:00;9;-6.2;0.8;94
Sodankylä Tähtelä;2022;11;19;03:00;9;-6;0.8;94
Sodankylä Tähtelä;2022;11;19;04:00;9;-5.8;0.5;94
Sodankylä Tähtelä;2022;11;19;05:00;9;-5.5;1;94.9
Sodankylä Tähtelä;2022;11;19;06:00;9;-5.1;1.1;95
Sodankylä Tähtelä;2022;11;19;07:00;9;-4.6;1.7;95.5
Sodankylä Tähtelä;2022;11;19;08:00;9;-4.1;1.6;96
Sodankylä Tähtelä;2022;11;19;09:00;9;-4;1.5;96
Sodankylä Tähtelä;2022;11;19;10:00;9;-4.1;2.1;95.4
Sodankylä Tähtelä;2022;11;19;11:00;9;-4.2;1.9;95.5
Sodankylä Tähtelä;2022;11;19;12:00;9;-4.2;1.7;95.3
Sodankylä Tähtelä;2022;11;19;13:00;9;-4.3;1.9;95.2
Sodankylä Tähtelä;2022;11;19;14:00;9;-4.6;2.3;95
Sodankylä Tähtelä;2022;11;19;15:00;9;-5;2.1;95
Sodankylä Tähtelä;2022;11;19;16:00;9;-5.3;1.8;95
Sodankylä Tähtelä;2022;11;19;17:00;9;-5.7;1.8;94.3
Sodankylä Tähtelä;2022;11;19;18:00;9;-6.4;1.6;94
Sodankylä Tähtelä;2022;11;19;19:00;9;-6.9;1.8;93.6
Sodankylä Tähtelä;2022;11;19;20:00;9;-7.4;1.5;93.1
Sodankylä Tähtelä;2022;11;19;21:00;9;-7.9;1.5;93
Sodankylä Tähtelä;2022;11;19;22:00;9;-7.4;1.4;93.9
Sodankylä Tähtelä;2022;11;19;23:00;9;-7.5;1.6;93
Sodankylä Tähtelä;2022;11;20;00:00;9;-7.8;1.5;93
Sodankylä Tähtelä;2022;11;20;01:00;9;-7.9;1.3;93.1
Sodankylä Tähtelä;2022;11;20;02:00;9;-8.1;1.2;92.6
Sodankylä Tähtelä;2022;11;20;03:00;9;-9;1.2;91.3
Sodankylä Tähtelä;2022;11;20;04:00;9;-10.6;1.1;89.4
Sodankylä Tähtelä;2022;11;20;05:00;9;-12.1;0.7;88.8
Sodankylä Tähtelä;2022;11;20;06:00;9;-12.8;0.7;88.2
Sodankylä Tähtelä;2022;11;20;07:00;9;-13.3;0.9;88
Sodankylä Tähtelä;2022;11;20;08:00;9;-14;0.7;87
Sodankylä Tähtelä;2022;11;20;09:00;9;-15.1;0.6;86.1
Sodankylä Tähtelä;2022;11;20;10:00;9.3;-15.2;0.8;87.4
Sodankylä Tähtelä;2022;11;20;11:00;9;-14.9;0.7;87.8
Sodankylä Tähtelä;2022;11;20;12:00;9;-14.6;0.5;87.5
Sodankylä Tähtelä;2022;11;20;13:00;9;-14.6;0.5;87.3
Sodankylä Tähtelä;2022;11;20;14:00;9;-15.1;0.4;86.4
Sodankylä Tähtelä;2022;11;20;15:00;9;-15.6;0.3;86.3
Sodankylä Tähtelä;2022;11;20;16:00;9;-16.6;0.4;85
Sodankylä Tähtelä;2022;11;20;17:00;9;-17.3;0.3;85.1
Sodankylä Tähtelä;2022;11;20;18:00;9;-17.1;0.9;85.9
Sodankylä Tähtelä;2022;11;20;19:00;9;-17.3;0.5;85.6
Sodankylä Tähtelä;2022;11;20;20:00;9;-17.6;0.4;84.7
Sodankylä Tähtelä;2022;11;20;21:00;9;-18;0.7;84.7
Sodankylä Tähtelä;2022;11;20;22:00;9;-18.1;0.6;84.5
Sodankylä Tähtelä;2022;11;20;23:00;9;-18.4;0.6;84.2
Sodankylä Tähtelä;2022;11;21;00:00;9;-19;1.1;83.1
Sodankylä Tähtelä;2022;11;21;01:00;9.4;-19.1;0.7;84.3
Sodankylä Tähtelä;2022;11;21;02:00;9;-19.2;0.8;83
Sodankylä Tähtelä;2022;11;21;03:00;9;-19.5;1.1;83.2
Sodankylä Tähtelä;2022;11;21;04:00;9;-19.7;1.1;83
Sodankylä Tähtelä;2022;11;21;05:00;9;-20;1;82.8
Sodankylä Tähtelä;2022;11;21;06:00;9;-20.2;0.9;82.9
Sodankylä Tähtelä;2022;11;21;07:00;9.1;-20;1.2;83.3
Sodankylä Tähtelä;2022;11;21;08:00;9;-20.4;1;82.3
Sodankylä Tähtelä;2022;11;21;09:00;9;-20.4;0.4;83
Sodankylä Tähtelä;2022;11;21;10:00;9;-20.1;0.8;83
Sodankylä Tähtelä;2022;11;21;11:00;9.2;-19.6;0.8;83.9
Sodankylä Tähtelä;2022;11;21;12:00;9;-19.1;1;83.9
Sodankylä Tähtelä;2022;11;21;13:00;9;-19.2;0.8;83.2
Sodankylä Tähtelä;2022;11;21;14:00;9;-19.1;0.9;83.3
Sodankylä Tähtelä;2022;11;21;15:00;9;-19.8;0.6;82.3
Sodankylä Tähtelä;2022;11;21;16:00;9;-20.3;0.8;82.1
Sodankylä Tähtelä;2022;11;21;17:00;9;-20.8;0.6;82
Sodankylä Tähtelä;2022;11;21;18:00;9;-21.3;1.1;81.7
Sodankylä Tähtelä;2022;11;21;19:00;9;-21.6;0.9;81.5
Sodankylä Tähtelä;2022;11;21;20:00;9;-22;0.8;81
Sodankylä Tähtelä;2022;11;21;21:00;9;-22.3;1.1;81
Sodankylä Tähtelä;2022;11;21;22:00;9;-22.6;1.1;81
Sodankylä Tähtelä;2022;11;21;23:00;9;-22.6;1.3;81
Sodankylä Tähtelä;2022;11;22;00:00;9;-22.7;0.9;81
Sodankylä Tähtelä;2022;11;22;01:00;9;-22.3;0.9;82.1
Sodankylä Tähtelä;2022;11;22;02:00;9.1;-21.4;0.7;83.4
Sodankylä Tähtelä;2022;11;22;03:00;9.2;-20.8;0.6;83
Sodankylä Tähtelä;2022;11;22;04:00;9;-20.5;0.3;83
Sodankylä Tähtelä;2022;11;22;05:00;9;-20.4;0.5;83.2
Sodankylä Tähtelä;2022;11;22;06:00;9;-20;0.5;84.2
Sodankylä Tähtelä;2022;11;22;07:00;9;-19.7;0.6;83.5
Sodankylä Tähtelä;2022;11;22;08:00;9;-19.5;0.7;83.2
Sodankylä Tähtelä;2022;11;22;09:00;9;-19.2;0.8;83.2
Sodankylä Tähtelä;2022;11;22;10:00;9;-19;0.7;83.6
Sodankylä Tähtelä;2022;11;22;11:00;9;-19;0.8;83.1
Sodankylä Tähtelä;2022;11;22;12:00;9;-18.8;0.5;83.9
Sodankylä Tähtelä;2022;11;22;13:00;9;-18.8;0.7;83.2
Sodankylä Tähtelä;2022;11;22;14:00;9;-18.9;0.9;83.7
Sodankylä Tähtelä;2022;11;22;15:00;9;-18.9;0.7;83.7
Sodankylä Tähtelä;2022;11;22;16:00;9;-18.9;0.4;83.9
Sodankylä Tähtelä;2022;11;22;17:00;9;-18.6;0.8;84.4
Sodankylä Tähtelä;2022;11;22;18:00;9;-18.8;0.7;83.3
Sodankylä Tähtelä;2022;11;22;19:00;9;-19;1;83.5
Sodankylä Tähtelä;2022;11;22;20:00;9;-18.9;0.7;83.8
Sodankylä Tähtelä;2022;11;22;21:00;9;-18.5;0.7;84
Sodankylä Tähtelä;2022;11;22;22:00;9;-18.4;0.6;84.2
Sodankylä Tähtelä;2022;11;22;23:00;9;-17.1;0.6;86.7
Sodankylä Tähtelä;2022;11;23;00:00;9;-16;0.7;87
Sodankylä Tähtelä;2022;11;23;01:00;9;-15.1;0.6;87
Sodankylä Tähtelä;2022;11;23;02:00;9;-14.3;0.6;87.8
Sodankylä Tähtelä;2022;11;23;03:00;9;-13.4;0.8;88.7
Sodankylä Tähtelä;2022;11;23;04:00;9;-12.6;1.1;89
Sodankylä Tähtelä;2022;11;23;05:00;9;-11.7;0.8;89.9
Sodankylä Tähtelä;2022;11;23;06:00;9;-10.9;0.5;90.2
Sodankylä Tähtelä;2022;11;23;07:00;9;-10.2;0.7;91
Sodankylä Tähtelä;2022;11;23;08:00;9;-9.7;0.6;91.1
Sodankylä Tähtelä;2022;11;23;09:00;9;-9.2;0.5;91.9
Sodankylä Tähtelä;2022;11;23;10:00;9;-8.8;0.7;92
Sodankylä Tähtelä;2022;11;23;11:00;9;-8.5;0.9;92
Sodankylä Tähtelä;2022;11;23;12:00;9;-8.2;0.4;92.2
Sodankylä Tähtelä;2022;11;23;13:00;9;-8.3;0.8;92
Sodankylä Tähtelä;2022;11;23;14:00;9;-8.1;1;92.5
Sodankylä Tähtelä;2022;11;23;15:00;9.2;-7.4;0.8;93.1
Sodankylä Tähtelä;2022;11;23;16:00;9.4;-6.4;1.8;94.4
Sodankylä Tähtelä;2022;11;23;17:00;9.1;-6;1;94
Sodankylä Tähtelä;2022;11;23;18:00;9.1;-6;0.8;94
Sodankylä Tähtelä;2022;11;23;19:00;10;-6;0.8;94
Sodankylä Tähtelä;2022;11;23;20:00;10;-6.1;0.9;94
Sodankylä Tähtelä;2022;11;23;21:00;10;-5.8;1.2;94.3
Sodankylä Tähtelä;2022;11;23;22:00;10;-5.5;1.1;95
Sodankylä Tähtelä;2022;11;23;23:00;10;-5.5;1.1;94.8
Sodankylä Tähtelä;2022;11;24;00:00;10;-5.3;1.3;95
Sodankylä Tähtelä;2022;11;24;01:00;10;-4.7;2;95
Sodankylä Tähtelä;2022;11;24;02:00;10;-4.5;2;95
Sodankylä Tähtelä;2022;11;24;03:00;9.9;-4.4;2.3;94.9
Sodankylä Tähtelä;2022;11;24;04:00;9.7;-4.4;2.3;94.8
Sodankylä Tähtelä;2022;11;24;05:00;9.8;-4.5;2.1;94.8
Sodankylä Tähtelä;2022;11;24;06:00;9.4;-4.5;1.8;94.7
Sodankylä Tähtelä;2022;11;24;07:00;9;-4.5;1.7;94.8
Sodankylä Tähtelä;2022;11;24;08:00;9;-4.6;2.1;94
Sodankylä Tähtelä;2022;11;24;09:00;9;-4.8;1.6;94.4
Sodankylä Tähtelä;2022;11;24;10:00;9.3;-4.6;1.7;95
Sodankylä Tähtelä;2022;11;24;11:00;9.8;-4.5;2.2;94.8
Sodankylä Tähtelä;2022;11;24;12:00;10;-4.6;3.1;94.2
Sodankylä Tähtelä;2022;11;24;13:00;10;-4.6;2.5;94.4
Sodankylä Tähtelä;2022;11;24;14:00;10;-4.5;2;94.6
Sodankylä Tähtelä;2022;11;24;15:00;10;-4.7;2.4;94.3
Sodankylä Tähtelä;2022;11;24;16:00;10;-5;2.6;93.6
Sodankylä Tähtelä;2022;11;24;17:00;10;-5.2;2.6;93.5
Sodankylä Tähtelä;2022;11;24;18:00;10;-5.4;2.2;93.7
Sodankylä Tähtelä;2022;11;24;19:00;10;-5.8;2.4;93
Sodankylä Tähtelä;2022;11;24;20:00;10;-5.9;2.7;93.3
Sodankylä Tähtelä;2022;11;24;21:00;10;-6.2;3;93.2
Sodankylä Tähtelä;2022;11;24;22:00;10;-6.5;2.6;93.1
Sodankylä Tähtelä;2022;11;24;23:00;10;-6.6;2.9;94
Sodankylä Tähtelä;2022;11;25;00:00;10;-6.7;3;94
Sodankylä Tähtelä;2022;11;25;01:00;10;-6.7;2.9;94
Sodankylä Tähtelä;2022;11;25;02:00;10;-6.9;2.6;93
Sodankylä Tähtelä;2022;11;25;03:00;10;-7.2;2.6;92.6
Sodankylä Tähtelä;2022;11;25;04:00;10;-7.9;2.8;91.2
Sodankylä Tähtelä;2022;11;25;05:00;10;-9;2.5;91
Sodankylä Tähtelä;2022;11;25;06:00;10;-9.5;2.3;90.6
Sodankylä Tähtelä;2022;11;25;07:00;10;-9.8;2.1;90
Sodankylä Tähtelä;2022;11;25;08:00;10;-10.3;2.4;89.8
Sodankylä Tähtelä;2022;11;25;09:00;10;-10.5;1.9;89.7
Sodankylä Tähtelä;2022;11;25;10:00;10;-10.4;1.8;90
Sodankylä Tähtelä;2022;11;25;11:00;10;-10.5;1.9;89.8
Sodankylä Tähtelä;2022;11;25;12:00;10;-10.6;2.2;89.5
Sodankylä Tähtelä;2022;11;25;13:00;10;-10.6;2.1;89.2
Sodankylä Tähtelä;2022;11;25;14:00;10;-10.5;2.1;89.9
Sodankylä Tähtelä;2022;11;25;15:00;10;-10.4;2.7;89.9
Sodankylä Tähtelä;2022;11;25;16:00;9.9;-10.3;2.6;89.8
Sodankylä Tähtelä;2022;11;25;17:00;9.5;-10.1;2.5;90
Sodankylä Tähtelä;2022;11;25;18:00;9.7;-9.9;2;90
Sodankylä Tähtelä;2022;11;25;19:00;10;-9.7;2.1;90.4
Sodankylä Tähtelä;2022;11;25;20:00;10;-9.3;2.3;91
Sodankylä Tähtelä;2022;11;25;21:00;10;-9;2.1;91
Sodankylä Tähtelä;2022;11;25;22:00;10.8;-8.4;2.3;91.9
Sodankylä Tähtelä;2022;11;25;23:00;10;-7.8;3;92
Sodankylä Tähtelä;2022;11;26;00:00;10.9;-7.5;2.6;92.9
Sodankylä Tähtelä;2022;11;26;01:00;11;-7.2;3.1;93
Sodankylä Tähtelä;2022;11;26;02:00;11;-6.9;3;93
Sodankylä Tähtelä;2022;11;26;03:00;11;-6.6;2.9;93.3
Sodankylä Tähtelä;2022;11;26;04:00;11;-6.2;3;94
Sodankylä Tähtelä;2022;11;26;05:00;11;-5.9;3.6;93.9
Sodankylä Tähtelä;2022;11;26;06:00;11;-5.8;3.3;93.9
Sodankylä Tähtelä;2022;11;26;07:00;11;-5.7;3.5;94
Sodankylä Tähtelä;2022;11;26;08:00;11;-5.6;3.5;93.8
Sodankylä Tähtelä;2022;11;26;09:00;11;-5.5;3.4;94
Sodankylä Tähtelä;2022;11;26;10:00;11;-5.4;3.4;94
Sodankylä Tähtelä;2022;11;26;11:00;10.1;-5.4;3.2;94
Sodankylä Tähtelä;2022;11;26;12:00;-;-5.3;3;94
Sodankylä Tähtelä;2022;11;26;13:00;10.3;-5.3;3;94
Sodankylä Tähtelä;2022;11;26;14:00;10.4;-5.2;2.9;94
Sodankylä Tähtelä;2022;11;26;15:00;11;-5.1;3.6;94
Sodankylä Tähtelä;2022;11;26;16:00;11;-5.1;3.8;94
Sodankylä Tähtelä;2022;11;26;17:00;11;-5.1;3;94
Sodankylä Tähtelä;2022;11;26;18:00;11;-5;3.1;94
Sodankylä Tähtelä;2022;11;26;19:00;11;-4.8;3.2;94.3
Sodankylä Tähtelä;2022;11;26;20:00;11;-4.6;4.3;94.9
Sodankylä Tähtelä;2022;11;26;21:00;11;-4.6;4.5;94
Sodankylä Tähtelä;2022;11;26;22:00;11;-4.7;4.1;94
Sodankylä Tähtelä;2022;11;26;23:00;11;-5;4;93.6
Sodankylä Tähtelä;2022;11;27;00:00;11;-5.3;3.6;93.6
Sodankylä Tähtelä;2022;11;27;01:00;11;-5.7;3.5;93.3
Sodankylä Tähtelä;2022;11;27;02:00;11;-6;3.9;92.9
Sodankylä Tähtelä;2022;11;27;03:00;11;-6.1;3.4;93.6
Sodankylä Tähtelä;2022;11;27;04:00;11;-6;3.2;94
Sodankylä Tähtelä;2022;11;27;05:00;11;-5.9;3;94
Sodankylä Tähtelä;2022;11;27;06:00;11;-6;2.2;94.8
Sodankylä Tähtelä;2022;11;27;07:00;11;-5.8;2.5;94.1
Sodankylä Tähtelä;2022;11;27;08:00;11;-5.5;3.1;93.9
Sodankylä Tähtelä;2022;11;27;09:00;11;-5.1;3;93.2
Sodankylä Tähtelä;2022;11;27;10:00;11;-4.8;3.1;94.2
Sodankylä Tähtelä;2022;11;27;11:00;11;-4.4;2.7;95
Sodankylä Tähtelä;2022;11;27;12:00;11;-4;2.7;95
Sodankylä Tähtelä;2022;11;27;13:00;11;-3.6;3.3;95
Sodankylä Tähtelä;2022;11;27;14:00;11;-3.4;3.2;95
Sodankylä Tähtelä;2022;11;27;15:00;11;-3.2;3.7;95
Sodankylä Tähtelä;2022;11;27;16:00;10.4;-3.1;3.6;95
Sodankylä Tähtelä;2022;11;27;17:00;10;-3;3.7;94.9
Sodankylä Tähtelä;2022;11;27;18:00;10;-2.9;3.5;95
Sodankylä Tähtelä;2022;11;27;19:00;10;-2.9;3.3;94.9
Sodankylä Tähtelä;2022;11;27;20:00;10;-3;3.6;94.2
Sodankylä Tähtelä;2022;11;27;21:00;10;-3;3.7;94.9
Sodankylä Tähtelä;2022;11;27;22:00;10;-3.2;3.3;94.8
Sodankylä Tähtelä;2022;11;27;23:00;10;-3.4;3.4;94.3
Sodankylä Tähtelä;2022;11;28;00:00;10;-3.6;3.6;94
Sodankylä Tähtelä;2022;11;28;01:00;10;-3.7;3.3;93.7
Sodankylä Tähtelä;2022;11;28;02:00;10;-3.8;3.3;93.7
Sodankylä Tähtelä;2022;11;28;03:00;10;-3.7;2.9;93
Sodankylä Tähtelä;2022;11;28;04:00;10;-3.6;4.1;93.1
Sodankylä Tähtelä;2022;11;28;05:00;10;-3.6;4.3;93.7
Sodankylä Tähtelä;2022;11;28;06:00;10;-3.9;4.2;93.9
Sodankylä Tähtelä;2022;11;28;07:00;10.8;-3.9;4.2;95.7
Sodankylä Tähtelä;2022;11;28;08:00;11;-3.8;3.4;94.7
Sodankylä Tähtelä;2022;11;28;09:00;11;-3.7;2.6;97
Sodankylä Tähtelä;2022;11;28;10:00;10.7;-3.6;3;96.5
Sodankylä Tähtelä;2022;11;28;11:00;10;-3.6;3.3;95.6
Sodankylä Tähtelä;2022;11;28;12:00;10;-3.5;3.9;96
Sodankylä Tähtelä;2022;11;28;13:00;10;-3.3;3.6;96.1
Sodankylä Tähtelä;2022;11;28;14:00;10;-3.1;3.5;96
Sodankylä Tähtelä;2022;11;28;15:00;10;-3.1;3.2;96.1
Sodankylä Tähtelä;2022;11;28;16:00;10.8;-3.1;3.1;97
Sodankylä Tähtelä;2022;11;28;17:00;11;-3.1;3.1;97
Sodankylä Tähtelä;2022;11;28;18:00;11;-3.1;2.9;97
Sodankylä Tähtelä;2022;11;28;19:00;11;-3.1;2.7;97
Sodankylä Tähtelä;2022;11;28;20:00;11;-3.1;2.7;97
Sodankylä Tähtelä;2022;11;28;21:00;11;-3;2.7;97
Sodankylä Tähtelä;2022;11;28;22:00;11;-2.8;2.4;97
Sodankylä Tähtelä;2022;11;28;23:00;11;-2.7;2.9;97
Sodankylä Tähtelä;2022;11;29;00:00;10.8;-2.5;3;97
Sodankylä Tähtelä;2022;11;29;01:00;10;-2.3;3.3;97
Sodankylä Tähtelä;2022;11;29;02:00;10;-2.3;3.2;97
Sodankylä Tähtelä;2022;11;29;03:00;10;-2.3;2.8;97
Sodankylä Tähtelä;2022;11;29;04:00;10;-2.4;2.6;97
Sodankylä Tähtelä;2022;11;29;05:00;10;-2.3;3.2;97
Sodankylä Tähtelä;2022;11;29;06:00;10;-2.2;3;97
Sodankylä Tähtelä;2022;11;29;07:00;10.7;-2.1;2.8;97
Sodankylä Tähtelä;2022;11;29;08:00;11;-2.1;3;97
Sodankylä Tähtelä;2022;11;29;09:00;11;-2.2;3.5;96.2
Sodankylä Tähtelä;2022;11;29;10:00;11;-2.4;3.4;96
Sodankylä Tähtelä;2022;11;29;11:00;11;-2.4;3.8;96
Sodankylä Tähtelä;2022;11;29;12:00;11;-2.3;3.9;96
Sodankylä Tähtelä;2022;11;29;13:00;11;-2.3;3.1;95.8
Sodankylä Tähtelä;2022;11;29;14:00;11;-2.3;2.5;95.9
Sodankylä Tähtelä;2022;11;29;15:00;11;-2.2;2.7;96
Sodankylä Tähtelä;2022;11;29;16:00;11;-2.2;3;96
Sodankylä Tähtelä;2022;11;29;17:00;11;-2.4;3.6;96
Sodankylä Tähtelä;2022;11;29;18:00;11;-2.9;4.5;95.2
Sodankylä Tähtelä;2022;11;29;19:00;11;-3.7;4.2;95
Sodankylä Tähtelä;2022;11;29;20:00;11;-4;4.4;95.1
Sodankylä Tähtelä;2022;11;29;21:00;11;-4.3;3.5;95
Sodankylä Tähtelä;2022;11;29;22:00;11;-4.3;2.8;95
Sodankylä Tähtelä;2022;11;29;23:00;11;-4.1;2.4;96.7
Sodankylä Tähtelä;2022;11;30;00:00;11;-3.8;2.6;96.4
Sodankylä Tähtelä;2022;11;30;01:00;11;-3.3;2.9;97
Sodankylä Tähtelä;2022;11;30;02:00;11;-2.9;2.6;96.9
Sodankylä Tähtelä;2022;11;30;03:00;11;-2.8;2.3;96
Sodankylä Tähtelä;2022;11;30;04:00;11;-2.6;2.8;96.7
Sodankylä Tähtelä;2022;11;30;05:00;11;-2.5;3;97
Sodankylä Tähtelä;2022;11;30;06:00;11;-2.5;3;97
Sodankylä Tähtelä;2022;11;30;07:00;11;-2.4;3.1;97
Sodankylä Tähtelä;2022;11;30;08:00;11;-2.3;3.3;97
Sodankylä Tähtelä;2022;11;30;09:00;11;-2.2;2.9;96.1
Sodankylä Tähtelä;2022;11;30;10:00;10.6;-2.1;3.4;96
Sodankylä Tähtelä;2022;11;30;11:00;10.1;-2.1;3.3;96
Sodankylä Tähtelä;2022;11;30;12:00;10;-2;3.1;96
Sodankylä Tähtelä;2022;11;30;13:00;10;-2;2.8;96
Sodankylä Tähtelä;2022;11;30;14:00;10;-2;1.8;96
Sodankylä Tähtelä;2022;11;30;15:00;10;-2;1.9;96
Sodankylä Tähtelä;2022;11;30;16:00;10.1;-2.1;2.2;96
Sodankylä Tähtelä;2022;11;30;17:00;11;-2.5;1.6;96
Sodankylä Tähtelä;2022;11;30;18:00;11;-2.6;1.2;96
Sodankylä Tähtelä;2022;11;30;19:00;11;-3;1.7;95.7
Sodankylä Tähtelä;2022;11;30;20:00;11;-3.4;1.2;95.8
Sodankylä Tähtelä;2022;11;30;21:00;11;-3.3;0.9;96
Sodankylä Tähtelä;2022;11;30;22:00;11;-3.4;0.6;96
Sodankylä Tähtelä;2022;11;30;23:00;11;-3.3;1.4;96
Sodankylä Tähtelä;2022;12;01;00:00;11;-3.2;1.4;96
Sodankylä Tähtelä;2022;12;01;01:00;11;-3.2;1.1;96
Sodankylä Tähtelä;2022;12;01;02:00;11;-3.3;0.9;96
Sodankylä Tähtelä;2022;12;01;03:00;11.6;-3.3;1;96
Sodankylä Tähtelä;2022;12;01;04:00;11.6;-3.4;1.1;96
Sodankylä Tähtelä;2022;12;01;05:00;12;-3.5;0.5;95.6
Sodankylä Tähtelä;2022;12;01;06:00;12;-3.6;0.9;95.9
Sodankylä Tähtelä;2022;12;01;07:00;12;-3.6;0.9;96
Sodankylä Tähtelä;2022;12;01;08:00;12.2;-3.7;1.1;95.9
Sodankylä Tähtelä;2022;12;01;09:00;12.7;-3.8;1;95
Sodankylä Tähtelä;2022;12;01;10:00;13;-3.8;0.9;95.6
Sodankylä Tähtelä;2022;12;01;11:00;13.1;-3.8;1;95.4
Sodankylä Tähtelä;2022;12;01;12:00;14;-3.7;0.6;96
Sodankylä Tähtelä;2022;12;01;13:00;15;-3.6;0.6;95.7
Sodankylä Tähtelä;2022;12;01;14:00;15;-3.7;0.8;95
Sodankylä Tähtelä;2022;12;01;15:00;15.4;-3.7;1.1;95
Sodankylä Tähtelä;2022;12;01;16:00;16.3;-3.7;1;95
Sodankylä Tähtelä;2022;12;01;17:00;16.8;-3.8;0.9;95
Sodankylä Tähtelä;2022;12;01;18:00;17.6;-3.8;1;95.3
Sodankylä Tähtelä;2022;12;01;19:00;18.3;-3.9;0.8;95
Sodankylä Tähtelä;2022;12;01;20:00;18.4;-4;1.1;95
Sodankylä Tähtelä;2022;12;01;21:00;18.9;-4.1;0.9;95
Sodankylä Tähtelä;2022;12;01;22:00;19;-4.4;0.7;94.6
Sodankylä Tähtelä;2022;12;01;23:00;19;-4.9;0.9;93.8
Sodankylä Tähtelä;2022;12;02;00:00;19;-5.7;1;93
Sodankylä Tähtelä;2022;12;02;01:00;19.9;-6;0.9;93.9
Sodankylä Tähtelä;2022;12;02;02:00;20;-5.8;1;94.4
Sodankylä Tähtelä;2022;12;02;03:00;19.6;-5.5;0.7;95
Sodankylä Tähtelä;2022;12;02;04:00;19;-5.4;1;94.5
Sodankylä Tähtelä;2022;12;02;05:00;19;-5.4;0.5;94.9
Sodankylä Tähtelä;2022;12;02;06:00;19;-5.2;0.7;94.8
Sodankylä Tähtelä;2022;12;02;07:00;19;-5.2;1;94.1
Sodankylä Tähtelä;2022;12;02;08:00;19;-5.2;1.1;94.1
Sodankylä Tähtelä;2022;12;02;09:00;19;-5;1.1;94.2
Sodankylä Tähtelä;2022;12;02;10:00;19;-5;1.3;94
Sodankylä Tähtelä;2022;12;02;11:00;19;-5;1.5;94
Sodankylä Tähtelä;2022;12;02;12:00;19;-5;1.6;93.7
Sodankylä Tähtelä;2022;12;02;13:00;19;-5.2;1.9;93.1
Sodankylä Tähtelä;2022;12;02;14:00;19;-5.6;1.7;93
Sodankylä Tähtelä;2022;12;02;15:00;19;-5.8;1;93
Sodankylä Tähtelä;2022;12;02;16:00;19;-6;0.9;93
Sodankylä Tähtelä;2022;12;02;17:00;19;-6.1;1.1;93
Sodankylä Tähtelä;2022;12;02;18:00;19;-6.2;0.7;93
Sodankylä Tähtelä;2022;12;02;19:00;19;-6.2;0.7;93
Sodankylä Tähtelä;2022;12;02;20:00;19;-6.2;0.8;93
Sodankylä Tähtelä;2022;12;02;21:00;19;-6.2;0.8;93
Sodankylä Tähtelä;2022;12;02;22:00;19;-6.1;0.9;93
Sodankylä Tähtelä;2022;12;02;23:00;19;-6.1;0.9;93
Sodankylä Tähtelä;2022;12;03;00:00;19;-6.1;0.7;93
Sodankylä Tähtelä;2022;12;03;01:00;19;-6.1;0.9;93
Sodankylä Tähtelä;2022;12;03;02:00;19;-6.2;0.8;93
Sodankylä Tähtelä;2022;12;03;03:00;19;-6.2;1.2;93
Sodankylä Tähtelä;2022;12;03;04:00;19;-6.3;1.1;93
Sodankylä Tähtelä;2022;12;03;05:00;19;-6.3;0.9;93
Sodankylä Tähtelä;2022;12;03;06:00;19;-6.4;0.7;93
Sodankylä Tähtelä;2022;12;03;07:00;19;-6.4;0.6;93
Sodankylä Tähtelä;2022;12;03;08:00;19;-6.5;0.8;93
Sodankylä Tähtelä;2022;12;03;09:00;18.8;-6.5;0.5;93
Sodankylä Tähtelä;2022;12;03;10:00;18.1;-6.7;0.5;93
Sodankylä Tähtelä;2022;12;03;11:00;18;-6.9;0.5;92.4
Sodankylä Tähtelä;2022;12;03;12:00;18;-7;0.6;92.6
Sodankylä Tähtelä;2022;12;03;13:00;18;-6.9;0.5;92.4
Sodankylä Tähtelä;2022;12;03;14:00;18;-6.9;0.7;92
Sodankylä Tähtelä;2022;12;03;15:00;18;-7;0.6;92
Sodankylä Tähtelä;2022;12;03;16:00;18;-7.1;0.4;92.6
Sodankylä Tähtelä;2022;12;03;17:00;17.8;-7.1;0.5;92.5
Sodankylä Tähtelä;2022;12;03;18:00;18.8;-7.3;0.7;92
Sodankylä Tähtelä;2022;12;03;19:00;19.2;-7.6;0.6;91.7
Sodankylä Tähtelä;2022;12;03;20:00;20;-7.6;0.7;92.8
Sodankylä Tähtelä;2022;12;03;21:00;20;-7.3;0.7;93
Sodankylä Tähtelä;2022;12;03;22:00;20;-7;0.8;93
Sodankylä Tähtelä;2022;12;03;23:00;20;-6.7;0.7;94
Sodankylä Tähtelä;2022;12;04;00:00;19.4;-6.6;0.9;93.4
Sodankylä Tähtelä;2022;12;04;01:00;19.3;-6;1.9;94.2
Sodankylä Tähtelä;2022;12;04;02:00;19;-5.9;2.4;94
Sodankylä Tähtelä;2022;12;04;03:00;19;-6;1.1;93.9
Sodankylä Tähtelä;2022;12;04;04:00;19;-5.9;1.2;93
Sodankylä Tähtelä;2022;12;04;05:00;19;-6;1.2;93
Sodankylä Tähtelä;2022;12;04;06:00;19;-6;1.5;93
Sodankylä Tähtelä;2022;12;04;07:00;19;-6;1.3;93
Sodankylä Tähtelä;2022;12;04;08:00;19;-6.1;1.1;92.9
Sodankylä Tähtelä;2022;12;04;09:00;19;-6.2;1.3;92.6
Sodankylä Tähtelä;2022;12;04;10:00;19;-6.4;1.3;92.8
Sodankylä Tähtelä;2022;12;04;11:00;19;-6.6;1.1;92.3
Sodankylä Tähtelä;2022;12;04;12:00;19;-6.6;0.9;93
Sodankylä Tähtelä;2022;12;04;13:00;19;-6.6;0.8;92.9
Sodankylä Tähtelä;2022;12;04;14:00;19;-7;0.2;91.4
Sodankylä Tähtelä;2022;12;04;15:00;19;-8.3;0.6;89.1
Sodankylä Tähtelä;2022;12;04;16:00;19;-9.4;1.1;89.4
Sodankylä Tähtelä;2022;12;04;17:00;19;-11.2;1.5;85.1
Sodankylä Tähtelä;2022;12;04;18:00;19;-13.5;1.9;84.6
Sodankylä Tähtelä;2022;12;04;19:00;19.3;-14.9;1.7;85.5
Sodankylä Tähtelä;2022;12;04;20:00;19.2;-15.8;1.9;85.1
Sodankylä Tähtelä;2022;12;04;21:00;20;-14.6;1.8;89.7
Sodankylä Tähtelä;2022;12;04;22:00;19.7;-11.7;1.6;92.7
Sodankylä Tähtelä;2022;12;04;23:00;19.9;-9.8;1.9;92.4
Sodankylä Tähtelä;2022;12;05;00:00;19.8;-8.6;1.9;92.4
Sodankylä Tähtelä;2022;12;05;01:00;19;-8.4;1.9;92.1
Sodankylä Tähtelä;2022;12;05;02:00;19;-7.6;2.3;93
Sodankylä Tähtelä;2022;12;05;03:00;19;-7.1;2.4;92.5
Sodankylä Tähtelä;2022;12;05;04:00;19;-7.1;2.7;92
Sodankylä Tähtelä;2022;12;05;05:00;19;-7;3.2;92
Sodankylä Tähtelä;2022;12;05;06:00;19;-6.9;3.4;92
Sodankylä Tähtelä;2022;12;05;07:00;19;-6.7;3.6;92
Sodankylä Tähtelä;2022;12;05;08:00;19;-6.5;3.5;92
Sodankylä Tähtelä;2022;12;05;09:00;19;-6.1;3.5;92.3
Sodankylä Tähtelä;2022;12;05;10:00;19.3;-5.6;3.5;93
Sodankylä Tähtelä;2022;12;05;11:00;20;-5.4;3.5;92.7
Sodankylä Tähtelä;2022;12;05;12:00;20.9;-5.3;3.3;93
Sodankylä Tähtelä;2022;12;05;13:00;20.7;-5;3.5;93
Sodankylä Tähtelä;2022;12;05;14:00;20.9;-4.7;3.2;93
Sodankylä Tähtelä;2022;12;05;15:00;20.9;-4.6;2.9;93
Sodankylä Tähtelä;2022;12;05;16:00;21;-4.5;2.2;93.7
Sodankylä Tähtelä;2022;12;05;17:00;20.5;-4.4;2.3;93.4
Sodankylä Tähtelä;2022;12;05;18:00;21;-4.4;2.3;93
Sodankylä Tähtelä;2022;12;05;19:00;21;-4.5;2.5;93.2
Sodankylä Tähtelä;2022;12;05;20:00;21;-4.4;3;93.8
Sodankylä Tähtelä;2022;12;05;21:00;21;-4.7;2.5;93.2
Sodankylä Tähtelä;2022;12;05;22:00;21;-4.2;2.9;95
Sodankylä Tähtelä;2022;12;05;23:00;21;-3.7;2.4;95.3
Sodankylä Tähtelä;2022;12;06;00:00;21;-3.3;1.7;96
Sodankylä Tähtelä;2022;12;06;01:00;21;-3;2;96
Sodankylä Tähtelä;2022;12;06;02:00;21;-2.6;1.9;96
Sodankylä Tähtelä;2022;12;06;03:00;21;-2;2.3;96.8
Sodankylä Tähtelä;2022;12;06;04:00;20.9;-1.4;3.3;97
Sodankylä Tähtelä;2022;12;06;05:00;20;-1.5;4;95.4
Sodankylä Tähtelä;2022;12;06;06:00;20;-1.8;3.6;95
Sodankylä Tähtelä;2022;12;06;07:00;20.4;-2.1;3.9;94.4
Sodankylä Tähtelä;2022;12;06;08:00;20.8;-2.3;2.8;94
Sodankylä Tähtelä;2022;12;06;09:00;20.5;-2.6;2.6;94.3
Sodankylä Tähtelä;2022;12;06;10:00;20.7;-2.9;1.8;94.9
Sodankylä Tähtelä;2022;12;06;11:00;21.5;-3;1.5;95.3
Sodankylä Tähtelä;2022;12;06;12:00;22.7;-3;1.4;96
Sodankylä Tähtelä;2022;12;06;13:00;23.8;-2.9;1.3;96
Sodankylä Tähtelä;2022;12;06;14:00;24;-2.9;1;96
Sodankylä Tähtelä;2022;12;06;15:00;24;-3.2;1.3;95.6
Sodankylä Tähtelä;2022;12;06;16:00;23.4;-3.7;1.1;94.8
Sodankylä Tähtelä;2022;12;06;17:00;24.2;-4;1.2;94.8
Sodankylä Tähtelä;2022;12;06;18:00;25;-4.8;1.1;93.3
Sodankylä Tähtelä;2022;12;06;19:00;25;-5.6;1.1;93.3
Sodankylä Tähtelä;2022;12;06;20:00;25;-6.6;1;92.2
Sodankylä Tähtelä;2022;12;06;21:00;25;-5.9;1.5;95.3
Sodankylä Tähtelä;2022;12;06;22:00;25;-5.1;1.7;95.5
Sodankylä Tähtelä;2022;12;06;23:00;25;-4.8;1.1;95
Sodankylä Tähtelä;2022;12;07;00:00;25;-4.6;1.4;93.6
Sodankylä Tähtelä;2022;12;07;01:00;25;-4.8;1;92.6
Sodankylä Tähtelä;2022;12;07;02:00;25;-5;0.9;93.3
Sodankylä Tähtelä;2022;12;07;03:00;25;-5.2;1;93
Sodankylä Tähtelä;2022;12;07;04:00;24.9;-5.2;0.8;93
Sodankylä Tähtelä;2022;12;07;05:00;24;-5.4;0.8;92.5
Sodankylä Tähtelä;2022;12;07;06:00;24;-5.5;0.9;92.5
Sodankylä Tähtelä;2022;12;07;07:00;24;-5.7;0.7;92.9
Sodankylä Tähtelä;2022;12;07;08:00;24;-5.9;1;93.6
Sodankylä Tähtelä;2022;12;07;09:00;24;-6.1;1.3;94
Sodankylä Tähtelä;2022;12;07;10:00;24;-6.3;1.6;94.7
Sodankylä Tähtelä;2022;12;07;11:00;24;-6.7;1.1;95
Sodankylä Tähtelä;2022;12;07;12:00;24;-6.9;1.1;94.9
Sodankylä Tähtelä;2022;12;07;13:00;24;-7.3;1.2;93.9
Sodankylä Tähtelä;2022;12;07;14:00;24;-7.4;0.6;93.9
Sodankylä Tähtelä;2022;12;07;15:00;24;-7.3;0.8;94.3
Sodankylä Tähtelä;2022;12;07;16:00;24;-7;0.7;95
Sodankylä Tähtelä;2022;12;07;17:00;24;-6.7;0.7;94.7
Sodankylä Tähtelä;2022;12;07;18:00;24;-6.4;0.7;95
Sodankylä Tähtelä;2022;12;07;19:00;24;-5.8;1.2;95.2
Sodankylä Tähtelä;2022;12;07;20:00;24;-5.1;1.6;95.4
Sodankylä Tähtelä;2022;12;07;21:00;24;-4.9;2.2;94.4
Sodankylä Tähtelä;2022;12;07;22:00;23.1;-6;2.9;92.2
Sodankylä Tähtelä;2022;12;07;23:00;23;-7.3;1.8;90.5
Sodankylä Tähtelä;2022;12;08;00:00;23;-7.8;1.5;89.9
Sodankylä Tähtelä;2022;12;08;01:00;23;-8.1;1.7;89.3
Sodankylä Tähtelä;2022;12;08;02:00;23;-8.2;1.6;89.8
Sodankylä Tähtelä;2022;12;08;03:00;23;-8.1;1.9;91.5
Sodankylä Tähtelä;2022;12;08;04:00;23;-7.9;1.5;92.9
Sodankylä Tähtelä;2022;12;08;05:00;23;-7.7;1.9;92.8
Sodankylä Tähtelä;2022;12;08;06:00;23;-7.8;2.1;92
Sodankylä Tähtelä;2022;12;08;07:00;23;-7.8;1.1;93
Sodankylä Tähtelä;2022;12;08;08:00;23;-7.4;1.4;93
Sodankylä Tähtelä;2022;12;08;09:00;23;-7.2;2;91.6
Sodankylä Tähtelä;2022;12;08;10:00;23;-7.5;2.2;91.1
Sodankylä Tähtelä;2022;12;08;11:00;23;-6.6;2.8;90.6
Sodankylä Tähtelä;2022;12;08;12:00;23;-5.9;2.3;90
Sodankylä Tähtelä;2022;12;08;13:00;23;-5.6;2.6;90.4
Sodankylä Tähtelä;2022;12;08;14:00;23;-5.6;3.6;91
Sodankylä Tähtelä;2022;12;08;15:00;23;-5.5;3.7;91.1
Sodankylä Tähtelä;2022;12;08;16:00;23.3;-5.4;3.2;91.9
Sodankylä Tähtelä;2022;12;08;17:00;23.4;-5.3;3.6;91.5
Sodankylä Tähtelä;2022;12;08;18:00;23;-5.3;3.5;91.1
Sodankylä Tähtelä;2022;12;08;19:00;23;-5.2;3.4;90.8
Sodankylä Tähtelä;2022;12;08;20:00;23;-5.2;3.3;90.2
Sodankylä Tähtelä;2022;12;08;21:00;24;-5.2;3;90.2
Sodankylä Tähtelä;2022;12;08;22:00;24;-5;2.7;91
Sodankylä Tähtelä;2022;12;08;23:00;23.8;-4.8;2.2;91.6
Sodankylä Tähtelä;2022;12;09;00:00;24;-4.4;2.6;92.4
Sodankylä Tähtelä;2022;12;09;01:00;24;-3.9;2.2;94.1
Sodankylä Tähtelä;2022;12;09;02:00;24;-3.1;3.8;91.5
Sodankylä Tähtelä;2022;12;09;03:00;24.2;-3.1;3.8;91.6
Sodankylä Tähtelä;2022;12;09;04:00;25;-3.2;3.9;91.2
Sodankylä Tähtelä;2022;12;09;05:00;25;-3.4;3.6;92
Sodankylä Tähtelä;2022;12;09;06:00;25;-3.5;3.4;92
Sodankylä Tähtelä;2022;12;09;07:00;24;-3.5;4.1;91.6
Sodankylä Tähtelä;2022;12;09;08:00;24;-3.7;4.5;88.5
Sodankylä Tähtelä;2022;12;09;09:00;24.9;-3.9;5.1;87.6
Sodankylä Tähtelä;2022;12;09;10:00;25.5;-4;4;90.9
Sodankylä Tähtelä;2022;12;09;11:00;25.9;-4.7;4.4;83.6
Sodankylä Tähtelä;2022;12;09;12:00;25.1;-5.2;3.4;89
Sodankylä Tähtelä;2022;12;09;13:00;25.6;-5.5;5.1;85.9
Sodankylä Tähtelä;2022;12;09;14:00;26;-6.4;4.5;85.6
Sodankylä Tähtelä;2022;12;09;15:00;26;-7.2;4.6;84.5
Sodankylä Tähtelä;2022;12;09;16:00;26;-7.8;3.7;86
Sodankylä Tähtelä;2022;12;09;17:00;26;-8;3.5;85.6
Sodankylä Tähtelä;2022;12;09;18:00;26;-8.1;3.3;85.4
Sodankylä Tähtelä;2022;12;09;19:00;26;-8.5;3.3;85.6
Sodankylä Tähtelä;2022;12;09;20:00;26;-9.2;2.5;86.3
Sodankylä Tähtelä;2022;12;09;21:00;26;-9.5;2.3;87.2
Sodankylä Tähtelä;2022;12;09;22:00;25.9;-9.4;2.6;86
Sodankylä Tähtelä;2022;12;09;23:00;25;-9.3;3.1;86
Sodankylä Tähtelä;2022;12;10;00:00;25.7;-9.3;2.9;86.7
Sodankylä Tähtelä;2022;12;10;01:00;26;-9.2;3.1;86.2
Sodankylä Tähtelä;2022;12;10;02:00;25.4;-9.2;2.7;86.1
Sodankylä Tähtelä;2022;12;10;03:00;24.9;-9.2;3;87
Sodankylä Tähtelä;2022;12;10;04:00;25;-9.1;2.7;87
Sodankylä Tähtelä;2022;12;10;05:00;25.3;-9.1;2.3;87
Sodankylä Tähtelä;2022;12;10;06:00;26;-9.1;2;87.4
Sodankylä Tähtelä;2022;12;10;07:00;25.8;-8.9;1.9;87
Sodankylä Tähtelä;2022;12;10;08:00;26;-8.9;1.7;87.6
Sodankylä Tähtelä;2022;12;10;09:00;26;-8.9;1.8;87.9
Sodankylä Tähtelä;2022;12;10;10:00;26;-8.8;2;88
Sodankylä Tähtelä;2022;12;10;11:00;25.5;-8.7;2.1;88
Sodankylä Tähtelä;2022;12;10;12:00;25;-8.7;2.1;88
Sodankylä Tähtelä;2022;12;10;13:00;25;-8.7;1.8;88.1
Sodankylä Tähtelä;2022;12;10;14:00;25;-8.7;2.2;88.2
Sodankylä Tähtelä;2022;12;10;15:00;25;-8.8;2.2;88.8
Sodankylä Tähtelä;2022;12;10;16:00;25;-8.9;1.8;89.4
Sodankylä Tähtelä;2022;12;10;17:00;25;-9;1.6;89.9
Sodankylä Tähtelä;2022;12;10;18:00;25;-8.5;2.1;90
Sodankylä Tähtelä;2022;12;10;19:00;25;-8.5;1.6;88.9
Sodankylä Tähtelä;2022;12;10;20:00;25;-9.2;2.2;88.4
Sodankylä Tähtelä;2022;12;10;21:00;25;-9.4;2;88.3
Sodankylä Tähtelä;2022;12;10;22:00;24.9;-9.1;1.7;88.7
Sodankylä Tähtelä;2022;12;10;23:00;25;-9.6;1.6;88.6
Sodankylä Tähtelä;2022;12;11;00:00;25;-10;1.6;88.9
Sodankylä Tähtelä;2022;12;11;01:00;25;-10;1.6;89.5
Sodankylä Tähtelä;2022;12;11;02:00;25;-9.7;1.5;89.8
Sodankylä Tähtelä;2022;12;11;03:00;25;-9.5;1.2;90.1
Sodankylä Tähtelä;2022;12;11;04:00;25;-9.5;1.1;90.4
Sodankylä Tähtelä;2022;12;11;05:00;24.1;-9.1;1.8;89.1
Sodankylä Tähtelä;2022;12;11;06:00;24.9;-9.4;2;88
Sodankylä Tähtelä;2022;12;11;07:00;25;-10;1.6;88.3
Sodankylä Tähtelä;2022;12;11;08:00;25;-10.4;1.4;88.7
Sodankylä Tähtelä;2022;12;11;09:00;25;-10.3;1.8;88.9
Sodankylä Tähtelä;2022;12;11;10:00;25;-10.7;1.6;88
Sodankylä Tähtelä;2022;12;11;11:00;25;-11.5;1.3;87.4
Sodankylä Tähtelä;2022;12;11;12:00;25;-13.2;1.6;85.4
Sodankylä Tähtelä;2022;12;11;13:00;25;-14;1.8;86.2
Sodankylä Tähtelä;2022;12;11;14:00;25;-15.3;1.2;85.1
Sodankylä Tähtelä;2022;12;11;15:00;25;-16.2;1.4;84.7
Sodankylä Tähtelä;2022;12;11;16:00;25;-15.9;1.2;86.8
Sodankylä Tähtelä;2022;12;11;17:00;24.6;-17;1.3;82.6
Sodankylä Tähtelä;2022;12;11;18:00;24.1;-19.4;1.4;80
Sodankylä Tähtelä;2022;12;11;19:00;24.4;-21.4;1.4;79
Sodankylä Tähtelä;2022;12;11;20:00;24.8;-22.8;1.6;79.7
Sodankylä Tähtelä;2022;12;11;21:00;25;-23.9;1.6;79.2
Sodankylä Tähtelä;2022;12;11;22:00;25;-25.1;1.5;78.1
Sodankylä Tähtelä;2022;12;11;23:00;25;-25.8;1.3;78.9
Sodankylä Tähtelä;2022;12;12;00:00;25;-24.4;1.4;82
Sodankylä Tähtelä;2022;12;12;01:00;25;-23.6;1.2;80.4
Sodankylä Tähtelä;2022;12;12;02:00;25;-24.5;1.4;79.6
Sodankylä Tähtelä;2022;12;12;03:00;24.5;-22.7;0.9;83.4
Sodankylä Tähtelä;2022;12;12;04:00;23.5;-22.8;1.4;79.3
Sodankylä Tähtelä;2022;12;12;05:00;23.6;-24.8;1.3;77.1
Sodankylä Tähtelä;2022;12;12;06:00;24;-26.3;1.6;77
Sodankylä Tähtelä;2022;12;12;07:00;24.1;-26.5;1;79.2
Sodankylä Tähtelä;2022;12;12;08:00;24;-24.8;0.9;81.4
Sodankylä Tähtelä;2022;12;12;09:00;24;-23.6;1;81.3
Sodankylä Tähtelä;2022;12;12;10:00;24;-22.8;0.9;81.4
Sodankylä Tähtelä;2022;12;12;11:00;24;-22.6;0.7;81
Sodankylä Tähtelä;2022;12;12;12:00;24;-22.4;0.8;81
Sodankylä Tähtelä;2022;12;12;13:00;24;-22.4;0.9;81
Sodankylä Tähtelä;2022;12;12;14:00;24;-23;0.9;79.3
Sodankylä Tähtelä;2022;12;12;15:00;24;-24.1;1;78.8
Sodankylä Tähtelä;2022;12;12;16:00;23.9;-25.3;1.2;77.4
Sodankylä Tähtelä;2022;12;12;17:00;23.8;-26.9;1.1;76.1
Sodankylä Tähtelä;2022;12;12;18:00;24;-28.1;1.2;76.5
Sodankylä Tähtelä;2022;12;12;19:00;24;-28.7;1.1;76.8
Sodankylä Tähtelä;2022;12;12;20:00;24;-28.8;1.4;78
Sodankylä Tähtelä;2022;12;12;21:00;24;-28.4;1.3;78.9
Sodankylä Tähtelä;2022;12;12;22:00;24;-28.5;1.2;78.2
Sodankylä Tähtelä;2022;12;12;23:00;24;-28.3;1.4;79.5
Sodankylä Tähtelä;2022;12;13;00:00;24.1;-28.5;1.5;77.3
Sodankylä Tähtelä;2022;12;13;01:00;24;-29;1.4;76.8
Sodankylä Tähtelä;2022;12;13;02:00;24.4;-29.1;1.6;77
Sodankylä Tähtelä;2022;12;13;03:00;24;-29.1;1.7;77
Sodankylä Tähtelä;2022;12;13;04:00;24.8;-28.9;1.7;78.1
Sodankylä Tähtelä;2022;12;13;05:00;25;-28.5;1.5;78
Sodankylä Tähtelä;2022;12;13;06:00;24.6;-28.2;1.9;77.9
Sodankylä Tähtelä;2022;12;13;07:00;24.9;-27.5;2;78.6
Sodankylä Tähtelä;2022;12;13;08:00;24.9;-26.7;2.1;78.9
Sodankylä Tähtelä;2022;12;13;09:00;24;-26;1.6;79.2
Sodankylä Tähtelä;2022;12;13;10:00;24;-25;1.8;80
Sodankylä Tähtelä;2022;12;13;11:00;24;-23.9;1.6;81
Sodankylä Tähtelä;2022;12;13;12:00;24;-22.4;1.8;82.1
Sodankylä Tähtelä;2022;12;13;13:00;24.2;-20.9;1.9;83.1
Sodankylä Tähtelä;2022;12;13;14:00;24.5;-19.5;1.5;84.3
Sodankylä Tähtelä;2022;12;13;15:00;25;-18.3;1.8;85.1
Sodankylä Tähtelä;2022;12;13;16:00;25.9;-17.2;2.2;85.9
Sodankylä Tähtelä;2022;12;13;17:00;27;-16.4;1.7;86.3
Sodankylä Tähtelä;2022;12;13;18:00;27.1;-15.1;2.1;87.3
Sodankylä Tähtelä;2022;12;13;19:00;27;-14;2.2;88
Sodankylä Tähtelä;2022;12;13;20:00;26.9;-13.6;2.1;88.2
Sodankylä Tähtelä;2022;12;13;21:00;27.4;-13.1;1.9;88.8
Sodankylä Tähtelä;2022;12;13;22:00;27.4;-12.6;2.3;89
Sodankylä Tähtelä;2022;12;13;23:00;28;-12.5;2;88.2
Sodankylä Tähtelä;2022;12;14;00:00;28;-12.6;1.6;88.1
Sodankylä Tähtelä;2022;12;14;01:00;28.4;-12.6;1.9;88
Sodankylä Tähtelä;2022;12;14;02:00;28;-13.2;1.8;86.3
Sodankylä Tähtelä;2022;12;14;03:00;27.8;-15.1;1.7;84.5
Sodankylä Tähtelä;2022;12;14;04:00;28;-15.4;1.6;87.5
Sodankylä Tähtelä;2022;12;14;05:00;29.4;-14.2;1.4;89
Sodankylä Tähtelä;2022;12;14;06:00;30;-13.8;0.9;88
Sodankylä Tähtelä;2022;12;14;07:00;30;-14.1;0.9;86.8
Sodankylä Tähtelä;2022;12;14;08:00;29.4;-15.8;1.2;83.3
Sodankylä Tähtelä;2022;12;14;09:00;29;-18.2;1.2;81.6
Sodankylä Tähtelä;2022;12;14;10:00;29.3;-20.1;1.2;81
Sodankylä Tähtelä;2022;12;14;11:00;30;-20.9;1.2;82
Sodankylä Tähtelä;2022;12;14;12:00;30;-20.5;1.2;84.4
Sodankylä Tähtelä;2022;12;14;13:00;29.9;-19.8;0.9;83.8
Sodankylä Tähtelä;2022;12;14;14:00;29;-20.6;1.3;80.9
Sodankylä Tähtelä;2022;12;14;15:00;29;-22.1;1.4;79.6
Sodankylä Tähtelä;2022;12;14;16:00;29.7;-22.1;1.5;83.1
Sodankylä Tähtelä;2022;12;14;17:00;29.5;-19.6;0.9;86.3
Sodankylä Tähtelä;2022;12;14;18:00;29;-17.9;1;86.2
Sodankylä Tähtelä;2022;12;14;19:00;29;-16.9;0.3;86.2
Sodankylä Tähtelä;2022;12;14;20:00;29;-16.4;0.5;86
Sodankylä Tähtelä;2022;12;14;21:00;29;-16;0.5;86.1
Sodankylä Tähtelä;2022;12;14;22:00;29;-15.6;0.6;86.7
Sodankylä Tähtelä;2022;12;14;23:00;29;-15.3;0.6;87
Sodankylä Tähtelä;2022;12;15;00:00;28.5;-15;0.5;87
Sodankylä Tähtelä;2022;12;15;01:00;28;-14.9;0.4;87
Sodankylä Tähtelä;2022;12;15;02:00;28.1;-14.8;0.7;87.2
Sodankylä Tähtelä;2022;12;15;03:00;28.3;-14.5;1;87.9
Sodankylä Tähtelä;2022;12;15;04:00;29;-14.3;1.1;88
Sodankylä Tähtelä;2022;12;15;05:00;29;-14;1.4;88.2
Sodankylä Tähtelä;2022;12;15;06:00;29;-13.7;2.2;87.6
Sodankylä Tähtelä;2022;12;15;07:00;29;-13.6;1.8;88
Sodankylä Tähtelä;2022;12;15;08:00;28.6;-13.5;2.4;88
Sodankylä Tähtelä;2022;12;15;09:00;28.2;-13.3;2.8;87.9
Sodankylä Tähtelä;2022;12;15;10:00;31.1;-13.4;2.8;87.4
Sodankylä Tähtelä;2022;12;15;11:00;34.5;-13.4;2.5;87.8
Sodankylä Tähtelä;2022;12;15;12:00;36.6;-13.5;2.5;87.4
Sodankylä Tähtelä;2022;12;15;13:00;36.6;-14.2;1.6;85
Sodankylä Tähtelä;2022;12;15;14:00;36;-16.3;1.6;80.6
Sodankylä Tähtelä;2022;12;15;15:00;36;-19.1;1.8;78.4
Sodankylä Tähtelä;2022;12;15;16:00;35.8;-21.2;1.5;78.5
Sodankylä Tähtelä;2022;12;15;17:00;36;-22;2;81.5
Sodankylä Tähtelä;2022;12;15;18:00;36;-21.7;2.1;82.8
Sodankylä Tähtelä;2022;12;15;19:00;35.3;-21.6;1.8;81.8
Sodankylä Tähtelä;2022;12;15;20:00;35.5;-20.5;1.4;84.7
Sodankylä Tähtelä;2022;12;15;21:00;35;-20;2.2;83.6
Sodankylä Tähtelä;2022;12;15;22:00;34.9;-18.4;2.4;86.6
Sodankylä Tähtelä;2022;12;15;23:00;34.9;-17;2.1;86.8
Sodankylä Tähtelä;2022;12;16;00:00;34;-14.9;1.6;88.7
Sodankylä Tähtelä;2022;12;16;01:00;34;-13.5;1.7;90
Sodankylä Tähtelä;2022;12;16;02:00;34;-11.9;1.6;91.2
Sodankylä Tähtelä;2022;12;16;03:00;34;-10.3;1.8;92.7
Sodankylä Tähtelä;2022;12;16;04:00;34;-8.8;1.9;93.2
Sodankylä Tähtelä;2022;12;16;05:00;33.4;-7.6;2.2;94
Sodankylä Tähtelä;2022;12;16;06:00;34.8;-6.8;2.5;94.3
Sodankylä Tähtelä;2022;12;16;07:00;36;-6;2.3;94.9
Sodankylä Tähtelä;2022;12;16;08:00;35.4;-5.4;2.3;95
Sodankylä Tähtelä;2022;12;16;09:00;36.9;-5;2.3;95.5
Sodankylä Tähtelä;2022;12;16;10:00;40.7;-4.5;2.9;96
Sodankylä Tähtelä;2022;12;16;11:00;42.7;-4.3;2.6;95.3
Sodankylä Tähtelä;2022;12;16;12:00;45.2;-4.3;2.6;95
Sodankylä Tähtelä;2022;12;16;13:00;47.3;-4.1;2.1;95.9
Sodankylä Tähtelä;2022;12;16;14:00;48.7;-5;2.8;93.7
Sodankylä Tähtelä;2022;12;16;15:00;49.5;-6.3;3;92.8
Sodankylä Tähtelä;2022;12;16;16:00;49.3;-6.9;2.8;91.9
Sodankylä Tähtelä;2022;12;16;17:00;48.6;-8.4;2.1;89.3
Sodankylä Tähtelä;2022;12;16;18:00;48;-11;2.2;86.3
Sodankylä Tähtelä;2022;12;16;19:00;47.7;-13.8;2.8;85.6
Sodankylä Tähtelä;2022;12;16;20:00;47.8;-14.5;2.3;85.9
Sodankylä Tähtelä;2022;12;16;21:00;47.3;-15.8;2.5;84.9
Sodankylä Tähtelä;2022;12;16;22:00;47.2;-16.1;2.8;85.9
Sodankylä Tähtelä;2022;12;16;23:00;47;-16.3;2.5;85.9
Sodankylä Tähtelä;2022;12;17;00:00;47;-16.3;2.8;86.2
Sodankylä Tähtelä;2022;12;17;01:00;47;-16.6;2.5;86
Sodankylä Tähtelä;2022;12;17;02:00;47;-16.3;2.4;86.9
Sodankylä Tähtelä;2022;12;17;03:00;46.6;-16.2;3.1;86.5
Sodankylä Tähtelä;2022;12;17;04:00;47;-14.7;3.6;88.6
Sodankylä Tähtelä;2022;12;17;05:00;46;-14.9;1.9;85.5
Sodankylä Tähtelä;2022;12;17;06:00;45.8;-17.4;1.5;81.6
Sodankylä Tähtelä;2022;12;17;07:00;46;-19.5;1.9;80.7
Sodankylä Tähtelä;2022;12;17;08:00;46;-20.5;1.5;82
Sodankylä Tähtelä;2022;12;17;09:00;46;-20.9;1.8;82.4
Sodankylä Tähtelä;2022;12;17;10:00;46;-20;2.6;85.7
Sodankylä Tähtelä;2022;12;17;11:00;46;-18.4;1.4;86.8
Sodankylä Tähtelä;2022;12;17;12:00;45.3;-17.6;1.3;85.8
Sodankylä Tähtelä;2022;12;17;13:00;45;-17.9;2.9;85.5
Sodankylä Tähtelä;2022;12;17;14:00;45.3;-15.2;3.1;91.6
Sodankylä Tähtelä;2022;12;17;15:00;45;-12.9;3.1;91.1
Sodankylä Tähtelä;2022;12;17;16:00;44.5;-11.6;1.9;90.2
Sodankylä Tähtelä;2022;12;17;17:00;44;-13.7;1.5;85.6
Sodankylä Tähtelä;2022;12;17;18:00;45;-11.6;3.6;94.1
Sodankylä Tähtelä;2022;12;17;19:00;44.6;-6.5;3.7;95.3
Sodankylä Tähtelä;2022;12;17;20:00;44;-5.2;3.6;94.8
Sodankylä Tähtelä;2022;12;17;21:00;44;-5.6;3.4;94
Sodankylä Tähtelä;2022;12;17;22:00;44;-5.7;4.4;94
Sodankylä Tähtelä;2022;12;17;23:00;44;-5.2;3.7;94.7
Sodankylä Tähtelä;2022;12;18;00:00;44;-5;3.1;94.9
Sodankylä Tähtelä;2022;12;18;01:00;43.6;-5.1;3.2;93.9
Sodankylä Tähtelä;2022;12;18;02:00;43;-6.7;3;91.4
Sodankylä Tähtelä;2022;12;18;03:00;43;-7.8;2.9;91.5
Sodankylä Tähtelä;2022;12;18;04:00;43;-7.7;2.5;92.5
Sodankylä Tähtelä;2022;12;18;05:00;43;-8.2;2.2;90.6
Sodankylä Tähtelä;2022;12;18;06:00;42.6;-9.3;1.5;89.1
Sodankylä Tähtelä;2022;12;18;07:00;42;-11.8;1.6;85.5
Sodankylä Tähtelä;2022;12;18;08:00;42;-14.4;1.2;83.2
Sodankylä Tähtelä;2022;12;18;09:00;42;-16.9;2.1;81.4
Sodankylä Tähtelä;2022;12;18;10:00;42.9;-14.7;2.6;90.6
Sodankylä Tähtelä;2022;12;18;11:00;42.6;-13.4;1.1;89.1
Sodankylä Tähtelä;2022;12;18;12:00;43;-12;1.2;90.8
Sodankylä Tähtelä;2022;12;18;13:00;42.2;-10.9;1.3;91
Sodankylä Tähtelä;2022;12;18;14:00;42;-10.1;1.2;91.4
Sodankylä Tähtelä;2022;12;18;15:00;42;-9.5;0.8;91.7
Sodankylä Tähtelä;2022;12;18;16:00;42;-9;1.6;92
Sodankylä Tähtelä;2022;12;18;17:00;42.2;-6.2;2.9;95.2
Sodankylä Tähtelä;2022;12;18;18:00;42;-5;2.8;94
Sodankylä Tähtelä;2022;12;18;19:00;42;-5;2.8;94
Sodankylä Tähtelä;2022;12;18;20:00;42;-5;3.1;94
Sodankylä Tähtelä;2022;12;18;21:00;41.6;-4.9;3.1;94
Sodankylä Tähtelä;2022;12;18;22:00;42;-4.9;3.5;94
Sodankylä Tähtelä;2022;12;18;23:00;42;-4.9;3.3;94
Sodankylä Tähtelä;2022;12;19;00:00;42;-4.6;3.4;94
Sodankylä Tähtelä;2022;12;19;01:00;41.9;-4.6;3;94
Sodankylä Tähtelä;2022;12;19;02:00;42.3;-4.6;2.8;94.1
Sodankylä Tähtelä;2022;12;19;03:00;43;-4.5;2.4;94
Sodankylä Tähtelä;2022;12;19;04:00;43;-4.5;3.3;94
Sodankylä Tähtelä;2022;12;19;05:00;43;-4.6;2.8;94
Sodankylä Tähtelä;2022;12;19;06:00;43;-4.6;2.5;94
Sodankylä Tähtelä;2022;12;19;07:00;43;-4.6;2.1;94.5
Sodankylä Tähtelä;2022;12;19;08:00;43;-4.4;2.2;94.6
Sodankylä Tähtelä;2022;12;19;09:00;42.1;-4.4;2;94
Sodankylä Tähtelä;2022;12;19;10:00;42;-4.4;1.7;94.7
Sodankylä Tähtelä;2022;12;19;11:00;42;-4.5;2.5;92.5
Sodankylä Tähtelä;2022;12;19;12:00;42;-5.7;2.5;89.3
Sodankylä Tähtelä;2022;12;19;13:00;42;-7.2;2.3;89.5
Sodankylä Tähtelä;2022;12;19;14:00;42;-7.9;1.9;90.1
Sodankylä Tähtelä;2022;12;19;15:00;42;-8.1;1.4;91
Sodankylä Tähtelä;2022;12;19;16:00;42;-8.2;1.5;91.9
Sodankylä Tähtelä;2022;12;19;17:00;42;-8.3;1.6;91.9
Sodankylä Tähtelä;2022;12;19;18:00;42;-8.2;1.1;92
Sodankylä Tähtelä;2022;12;19;19:00;41.2;-8.3;0.9;91
Sodankylä Tähtelä;2022;12;19;20:00;41;-8.5;1.5;90.8
Sodankylä Tähtelä;2022;12;19;21:00;41;-9.4;1.4;90.3
Sodankylä Tähtelä;2022;12;19;22:00;41;-9.7;1.1;91
Sodankylä Tähtelä;2022;12;19;23:00;41;-9.8;0.8;91
Sodankylä Tähtelä;2022;12;20;00:00;41;-9.7;0.5;91
Sodankylä Tähtelä;2022;12;20;01:00;41;-9.9;1;89.6
Sodankylä Tähtelä;2022;12;20;02:00;41;-10.9;1.8;89.5
Sodankylä Tähtelä;2022;12;20;03:00;41;-11.5;1;90.8
Sodankylä Tähtelä;2022;12;20;04:00;41;-12.2;1;90.1
Sodankylä Tähtelä;2022;12;20;05:00;40.9;-13.1;0.4;88.1
Sodankylä Tähtelä;2022;12;20;06:00;40.8;-13.5;0.6;89.1
Sodankylä Tähtelä;2022;12;20;07:00;40;-14.5;0.8;86.3
Sodankylä Tähtelä;2022;12;20;08:00;40.6;-15.4;0.7;86.5
Sodankylä Tähtelä;2022;12;20;09:00;41;-15;0.5;88.6
Sodankylä Tähtelä;2022;12;20;10:00;41;-14.4;0.3;88.2
Sodankylä Tähtelä;2022;12;20;11:00;41;-13.9;0.4;89
Sodankylä Tähtelä;2022;12;20;12:00;41;-13.4;0.7;89.2
Sodankylä Tähtelä;2022;12;20;13:00;40.3;-12.8;0.7;90
Sodankylä Tähtelä;2022;12;20;14:00;40;-12.5;0.8;90
Sodankylä Tähtelä;2022;12;20;15:00;40;-12.2;0.9;90
Sodankylä Tähtelä;2022;12;20;16:00;40;-11.7;0.7;90.4
Sodankylä Tähtelä;2022;12;20;17:00;40.4;-10.4;1.8;92.4
Sodankylä Tähtelä;2022;12;20;18:00;40;-8.2;3;92.1
Sodankylä Tähtelä;2022;12;20;19:00;40;-7.9;3.1;91.5
Sodankylä Tähtelä;2022;12;20;20:00;40;-7.9;3;91
Sodankylä Tähtelä;2022;12;20;21:00;40.7;-7.9;2.9;91
Sodankylä Tähtelä;2022;12;20;22:00;41;-7.6;2.8;91.6
Sodankylä Tähtelä;2022;12;20;23:00;41;-7.3;2.7;92
Sodankylä Tähtelä;2022;12;21;00:00;41;-6.9;3;91.1
Sodankylä Tähtelä;2022;12;21;01:00;42;-6.8;2.9;91.2
Sodankylä Tähtelä;2022;12;21;02:00;42;-6.7;3;91
Sodankylä Tähtelä;2022;12;21;03:00;42;-6.5;2.9;91
Sodankylä Tähtelä;2022;12;21;04:00;42;-6.5;2.9;91
Sodankylä Tähtelä;2022;12;21;05:00;42;-6.5;2.9;90.9
Sodankylä Tähtelä;2022;12;21;06:00;42;-6.6;2.4;91
Sodankylä Tähtelä;2022;12;21;07:00;42;-6.7;2.6;91.9
Sodankylä Tähtelä;2022;12;21;08:00;41.6;-6.8;2.5;92
Sodankylä Tähtelä;2022;12;21;09:00;41;-6.8;2.5;92
Sodankylä Tähtelä;2022;12;21;10:00;41;-6.9;2.1;92
Sodankylä Tähtelä;2022;12;21;11:00;41;-6.9;1.8;92
Sodankylä Tähtelä;2022;12;21;12:00;41;-7;1.6;92
Sodankylä Tähtelä;2022;12;21;13:00;41;-7;1.8;92
Sodankylä Tähtelä;2022;12;21;14:00;41;-7;1.8;92
Sodankylä Tähtelä;2022;12;21;15:00;41;-7.1;1.9;92
Sodankylä Tähtelä;2022;12;21;16:00;41;-7.1;1.3;92.1
Sodankylä Tähtelä;2022;12;21;17:00;41;-7;1.4;92.7
Sodankylä Tähtelä;2022;12;21;18:00;41;-6.9;1.7;92.6
Sodankylä Tähtelä;2022;12;21;19:00;41;-6.9;1.8;92.7
Sodankylä Tähtelä;2022;12;21;20:00;41;-6.8;1.5;93
Sodankylä Tähtelä;2022;12;21;21:00;41;-6.8;1.1;93
Sodankylä Tähtelä;2022;12;21;22:00;41;-6.7;1.7;93
Sodankylä Tähtelä;2022;12;21;23:00;41;-6.7;1.3;93
Sodankylä Tähtelä;2022;12;22;00:00;40.2;-6.6;2;93
Sodankylä Tähtelä;2022;12;22;01:00;40;-6.5;1.4;93
Sodankylä Tähtelä;2022;12;22;02:00;40;-6.6;1.3;92.6
Sodankylä Tähtelä;2022;12;22;03:00;40;-6.8;1.5;93
Sodankylä Tähtelä;2022;12;22;04:00;40;-7;1.7;93.1
Sodankylä Tähtelä;2022;12;22;05:00;40;-7.1;1.9;93.6
Sodankylä Tähtelä;2022;12;22;06:00;40;-7.3;2;93
Sodankylä Tähtelä;2022;12;22;07:00;40;-7.6;1.7;92
Sodankylä Tähtelä;2022;12;22;08:00;40;-8.4;2.2;92
Sodankylä Tähtelä;2022;12;22;09:00;40;-8.8;2.2;91.2
Sodankylä Tähtelä;2022;12;22;10:00;40;-8.9;1.8;90.1
Sodankylä Tähtelä;2022;12;22;11:00;40;-8.9;1;91.1
Sodankylä Tähtelä;2022;12;22;12:00;40;-8.8;0.9;90.8
Sodankylä Tähtelä;2022;12;22;13:00;40.2;-9.3;0.8;89.6
Sodankylä Tähtelä;2022;12;22;14:00;40.8;-9.1;1;92
Sodankylä Tähtelä;2022;12;22;15:00;41.4;-8.7;0.4;92
Sodankylä Tähtelä;2022;12;22;16:00;42;-8.6;0.5;92
Sodankylä Tähtelä;2022;12;22;17:00;42;-8.3;0.9;92.5
Sodankylä Tähtelä;2022;12;22;18:00;42.4;-8.1;0.9;92.2
Sodankylä Tähtelä;2022;12;22;19:00;42;-8.6;0.9;90.7
Sodankylä Tähtelä;2022;12;22;20:00;42;-10;0.9;87.7
Sodankylä Tähtelä;2022;12;22;21:00;42;-10.4;0.6;90
Sodankylä Tähtelä;2022;12;22;22:00;42;-10.1;1.1;91.6
Sodankylä Tähtelä;2022;12;22;23:00;42;-9.4;0.6;92
Sodankylä Tähtelä;2022;12;23;00:00;42;-9;0.9;92.6
Sodankylä Tähtelä;2022;12;23;01:00;42;-8.6;0.4;93
Sodankylä Tähtelä;2022;12;23;02:00;42;-8.2;0.4;93.2
Sodankylä Tähtelä;2022;12;23;03:00;42;-8.1;0.6;92.5
Sodankylä Tähtelä;2022;12;23;04:00;42;-8.3;1;92
Sodankylä Tähtelä;2022;12;23;05:00;42.3;-8.2;0.7;92
Sodankylä Tähtelä;2022;12;23;06:00;45.5;-8.1;1;92
Sodankylä Tähtelä;2022;12;23;07:00;47;-8.3;1.1;91.1
Sodankylä Tähtelä;2022;12;23;08:00;47;-8.9;1.7;91.1
Sodankylä Tähtelä;2022;12;23;09:00;47;-8.9;1.7;91
Sodankylä Tähtelä;2022;12;23;10:00;48.4;-8.8;1.9;92.2
Sodankylä Tähtelä;2022;12;23;11:00;49;-8.5;2.2;91.3
Sodankylä Tähtelä;2022;12;23;12:00;48.6;-9.2;1.8;89.7
Sodankylä Tähtelä;2022;12;23;13:00;48;-11.2;1.1;85.8
Sodankylä Tähtelä;2022;12;23;14:00;48.4;-13.1;2.1;87.3
Sodankylä Tähtelä;2022;12;23;15:00;48.2;-12.8;2.1;88.3
Sodankylä Tähtelä;2022;12;23;16:00;48;-13.8;1.9;88
Sodankylä Tähtelä;2022;12;23;17:00;48;-14.5;2.1;86.7
Sodankylä Tähtelä;2022;12;23;18:00;47.9;-15.7;2.2;85.5
Sodankylä Tähtelä;2022;12;23;19:00;47.3;-15.9;2.2;86.8
Sodankylä Tähtelä;2022;12;23;20:00;47.7;-17.2;1.5;82.9
Sodankylä Tähtelä;2022;12;23;21:00;48;-17.6;2.1;85.2
Sodankylä Tähtelä;2022;12;23;22:00;47.7;-17.4;1;84.8
Sodankylä Tähtelä;2022;12;23;23:00;48;-16.7;1;87.4
Sodankylä Tähtelä;2022;12;24;00:00;48;-15.9;0.5;86.7
Sodankylä Tähtelä;2022;12;24;01:00;48;-15.7;0.9;86.5
Sodankylä Tähtelä;2022;12;24;02:00;48;-15.5;1;86.8
Sodankylä Tähtelä;2022;12;24;03:00;48;-15.1;1.3;87.4
Sodankylä Tähtelä;2022;12;24;04:00;47.1;-14.8;1;87.1
Sodankylä Tähtelä;2022;12;24;05:00;47;-15.8;0.8;84.2
Sodankylä Tähtelä;2022;12;24;06:00;47;-18.1;1;81.2
Sodankylä Tähtelä;2022;12;24;07:00;47;-19.7;1.2;81.6
Sodankylä Tähtelä;2022;12;24;08:00;47.2;-19.2;1.2;85.2
Sodankylä Tähtelä;2022;12;24;09:00;47;-18.1;1.2;85.6
Sodankylä Tähtelä;2022;12;24;10:00;47;-18.2;0.9;84.1
Sodankylä Tähtelä;2022;12;24;11:00;46.1;-19.8;1.1;80.8
Sodankylä Tähtelä;2022;12;24;12:00;46.2;-21.9;1;78.8
Sodankylä Tähtelä;2022;12;24;13:00;47;-22.4;1.3;82.1
Sodankylä Tähtelä;2022;12;24;14:00;46.7;-21;1.2;86.3
Sodankylä Tähtelä;2022;12;24;15:00;46.4;-21.1;1.1;82.2
Sodankylä Tähtelä;2022;12;24;16:00;47;-20.2;1.1;84
Sodankylä Tähtelä;2022;12;24;17:00;47;-19.4;0.6;84.5
Sodankylä Tähtelä;2022;12;24;18:00;47;-18;1;86.2
Sodankylä Tähtelä;2022;12;24;19:00;47;-16.6;0.6;87
Sodankylä Tähtelä;2022;12;24;20:00;47;-15.4;1.1;87.1
Sodankylä Tähtelä;2022;12;24;21:00;46.5;-14.5;0.6;87.9
Sodankylä Tähtelä;2022;12;24;22:00;46;-13.5;1.2;88.8
Sodankylä Tähtelä;2022;12;24;23:00;46;-14.5;1.2;85.1
Sodankylä Tähtelä;2022;12;25;00:00;46;-14.7;1.4;88.3
Sodankylä Tähtelä;2022;12;25;01:00;46.5;-9.8;2.6;94.3
Sodankylä Tähtelä;2022;12;25;02:00;46;-7.9;2.8;92.5
Sodankylä Tähtelä;2022;12;25;03:00;45.8;-8.3;3.6;91.5
Sodankylä Tähtelä;2022;12;25;04:00;46;-8.5;2.8;91.9
Sodankylä Tähtelä;2022;12;25;05:00;45.2;-8.7;2.7;90.8
Sodankylä Tähtelä;2022;12;25;06:00;45;-9.7;2.3;90.1
Sodankylä Tähtelä;2022;12;25;07:00;45;-10.9;1.9;88.6
Sodankylä Tähtelä;2022;12;25;08:00;44.8;-13;1.8;87.1
Sodankylä Tähtelä;2022;12;25;09:00;44.8;-15.7;1.4;83.2
Sodankylä Tähtelä;2022;12;25;10:00;44.7;-17.9;1.6;82.9
Sodankylä Tähtelä;2022;12;25;11:00;44.9;-19.6;1.4;81.4
Sodankylä Tähtelä;2022;12;25;12:00;45;-20.8;1.7;81.1
Sodankylä Tähtelä;2022;12;25;13:00;45;-21.7;1.6;80.7
Sodankylä Tähtelä;2022;12;25;14:00;45;-22.3;1.2;81
Sodankylä Tähtelä;2022;12;25;15:00;45;-22.9;1.4;80
Sodankylä Tähtelä;2022;12;25;16:00;44.7;-23.8;2.2;79.1
Sodankylä Tähtelä;2022;12;25;17:00;44.9;-24.3;1.9;80
Sodankylä Tähtelä;2022;12;25;18:00;44.6;-24.5;2;79.9
Sodankylä Tähtelä;2022;12;25;19:00;44.5;-24.7;2.3;79.6
Sodankylä Tähtelä;2022;12;25;20:00;44.8;-24.4;2.1;80.9
Sodankylä Tähtelä;2022;12;25;21:00;44.3;-24.2;2.6;80.7
Sodankylä Tähtelä;2022;12;25;22:00;44.5;-21;2.5;85.7
Sodankylä Tähtelä;2022;12;25;23:00;44;-21;1.9;82.3
Sodankylä Tähtelä;2022;12;26;00:00;44.1;-21.5;1.9;82.3
Sodankylä Tähtelä;2022;12;26;01:00;44.5;-18.6;3;86.8
Sodankylä Tähtelä;2022;12;26;02:00;44;-17.9;2.1;83.8
Sodankylä Tähtelä;2022;12;26;03:00;44.1;-17.2;3.3;87.2
Sodankylä Tähtelä;2022;12;26;04:00;44;-15.2;3;88.4
Sodankylä Tähtelä;2022;12;26;05:00;44;-14.2;2.1;87.9
Sodankylä Tähtelä;2022;12;26;06:00;44;-12.9;2.2;89.7
Sodankylä Tähtelä;2022;12;26;07:00;44;-10.8;2.5;90.8
Sodankylä Tähtelä;2022;12;26;08:00;44.9;-9.5;3.2;91.6
Sodankylä Tähtelä;2022;12;26;09:00;45;-7.6;3.8;93.5
Sodankylä Tähtelä;2022;12;26;10:00;45.5;-5.5;4.4;94.6
Sodankylä Tähtelä;2022;12;26;11:00;46.3;-4.8;4.9;95
Sodankylä Tähtelä;2022;12;26;12:00;46.8;-4.3;6.3;95
Sodankylä Tähtelä;2022;12;26;13:00;47.2;-4.4;6.7;94.3
Sodankylä Tähtelä;2022;12;26;14:00;47.6;-4.4;7;94
Sodankylä Tähtelä;2022;12;26;15:00;48;-4.5;6.9;94
Sodankylä Tähtelä;2022;12;26;16:00;48;-4.6;6.1;93.4
Sodankylä Tähtelä;2022;12;26;17:00;47.6;-4.8;5.8;92.3
Sodankylä Tähtelä;2022;12;26;18:00;47;-5.1;6;92
Sodankylä Tähtelä;2022;12;26;19:00;47;-5.4;6.6;91.9
Sodankylä Tähtelä;2022;12;26;20:00;47;-5.3;6;92
Sodankylä Tähtelä;2022;12;26;21:00;47;-5.3;5;91.6
Sodankylä Tähtelä;2022;12;26;22:00;47;-5.5;5.1;90.8
Sodankylä Tähtelä;2022;12;26;23:00;47;-5.8;5.1;90.3
Sodankylä Tähtelä;2022;12;27;00:00;47;-6;4.4;90.8
Sodankylä Tähtelä;2022;12;27;01:00;47;-6.1;4.2;90.6
Sodankylä Tähtelä;2022;12;27;02:00;46.9;-6.2;5.1;90
Sodankylä Tähtelä;2022;12;27;03:00;46;-6.4;4.8;90
Sodankylä Tähtelä;2022;12;27;04:00;46;-6.7;4.7;89.1
Sodankylä Tähtelä;2022;12;27;05:00;46;-6.9;4.2;89.5
Sodankylä Tähtelä;2022;12;27;06:00;46;-7.3;3.3;89.7
Sodankylä Tähtelä;2022;12;27;07:00;46;-7.8;4.2;92.3
Sodankylä Tähtelä;2022;12;27;08:00;46;-8.4;3.9;91.2
Sodankylä Tähtelä;2022;12;27;09:00;46;-8.7;4.1;89.3
Sodankylä Tähtelä;2022;12;27;10:00;46;-9;3.6;88.5
Sodankylä Tähtelä;2022;12;27;11:00;46;-9.7;3.8;86.3
Sodankylä Tähtelä;2022;12;27;12:00;46;-10.5;3.6;86.1
Sodankylä Tähtelä;2022;12;27;13:00;46;-10.8;3.4;87.7
Sodankylä Tähtelä;2022;12;27;14:00;46;-10.4;2.9;88.2
Sodankylä Tähtelä;2022;12;27;15:00;45.9;-9.8;2.4;89.5
Sodankylä Tähtelä;2022;12;27;16:00;45;-9.8;2.6;88.7
Sodankylä Tähtelä;2022;12;27;17:00;45;-10;3;89.4
Sodankylä Tähtelä;2022;12;27;18:00;45;-9.9;3.1;89.9
Sodankylä Tähtelä;2022;12;27;19:00;45;-9.6;2.9;89.7
Sodankylä Tähtelä;2022;12;27;20:00;45;-9.2;3.1;90.4
Sodankylä Tähtelä;2022;12;27;21:00;45;-9.1;3.4;90.7
Sodankylä Tähtelä;2022;12;27;22:00;45;-9.2;3.2;90
Sodankylä Tähtelä;2022;12;27;23:00;45;-9.3;3.3;90
Sodankylä Tähtelä;2022;12;28;00:00;45.3;-9.4;3;89.5
Sodankylä Tähtelä;2022;12;28;01:00;46;-9.5;2.8;89
Sodankylä Tähtelä;2022;12;28;02:00;46;-9.5;3.3;88.5
Sodankylä Tähtelä;2022;12;28;03:00;46;-9.5;3.2;89
Sodankylä Tähtelä;2022;12;28;04:00;46;-9.4;2.6;89
Sodankylä Tähtelä;2022;12;28;05:00;46;-9.3;2.5;89.2
Sodankylä Tähtelä;2022;12;28;06:00;46;-9.1;2;90
Sodankylä Tähtelä;2022;12;28;07:00;45.7;-8.9;1.8;90.6
Sodankylä Tähtelä;2022;12;28;08:00;46;-8.7;1.4;91
Sodankylä Tähtelä;2022;12;28;09:00;46.6;-8.4;1.7;91
Sodankylä Tähtelä;2022;12;28;10:00;46;-8;1.8;91
Sodankylä Tähtelä;2022;12;28;11:00;46;-7.6;1.5;91.8
Sodankylä Tähtelä;2022;12;28;12:00;46.7;-7.5;1;92
Sodankylä Tähtelä;2022;12;28;13:00;46.9;-7.3;1.3;92
Sodankylä Tähtelä;2022;12;28;14:00;46.9;-7.9;1;90.1
Sodankylä Tähtelä;2022;12;28;15:00;47.9;-8.5;1.2;91.1
Sodankylä Tähtelä;2022;12;28;16:00;47.7;-8;1.3;92.7
Sodankylä Tähtelä;2022;12;28;17:00;47.7;-7.3;1.6;92.6
Sodankylä Tähtelä;2022;12;28;18:00;48.2;-7.4;1.4;91.2
Sodankylä Tähtelä;2022;12;28;19:00;48;-8.9;1.4;87.2
Sodankylä Tähtelä;2022;12;28;20:00;48;-11.4;1.1;84.3
Sodankylä Tähtelä;2022;12;28;21:00;48.5;-13;0.7;87.3
Sodankylä Tähtelä;2022;12;28;22:00;49;-12.1;1;90.3
Sodankylä Tähtelä;2022;12;28;23:00;48.2;-11;1.5;91.1
Sodankylä Tähtelä;2022;12;29;00:00;48.2;-9.4;1.6;93.2
Sodankylä Tähtelä;2022;12;29;01:00;48;-9.1;1.6;92.1
Sodankylä Tähtelä;2022;12;29;02:00;48;-9.3;1.8;92.3
Sodankylä Tähtelä;2022;12;29;03:00;48;-9.4;2.7;92.7
Sodankylä Tähtelä;2022;12;29;04:00;48;-9.6;2.1;92
Sodankylä Tähtelä;2022;12;29;05:00;48;-9.5;2.3;91.8
Sodankylä Tähtelä;2022;12;29;06:00;48;-9.1;3.1;92
Sodankylä Tähtelä;2022;12;29;07:00;48;-8.8;3;92.3
Sodankylä Tähtelä;2022;12;29;08:00;48;-8.4;2.6;92
Sodankylä Tähtelä;2022;12;29;09:00;47;-8.2;2.7;92
Sodankylä Tähtelä;2022;12;29;10:00;47;-8.2;3.3;92.1
Sodankylä Tähtelä;2022;12;29;11:00;47;-8.1;3.2;93
Sodankylä Tähtelä;2022;12;29;12:00;47;-7.8;3.3;93
Sodankylä Tähtelä;2022;12;29;13:00;47;-7.4;3.8;93.7
Sodankylä Tähtelä;2022;12;29;14:00;47;-7.3;3.5;93.3
Sodankylä Tähtelä;2022;12;29;15:00;47;-7.1;3.4;93.3
Sodankylä Tähtelä;2022;12;29;16:00;47;-7;3.4;93
Sodankylä Tähtelä;2022;12;29;17:00;47;-6.9;3;93.1
Sodankylä Tähtelä;2022;12;29;18:00;47;-6.5;3.2;94
Sodankylä Tähtelä;2022;12;29;19:00;47;-6.3;3.4;93.2
Sodankylä Tähtelä;2022;12;29;20:00;47;-6.5;3.3;93
Sodankylä Tähtelä;2022;12;29;21:00;47;-6.7;4.2;92.7
Sodankylä Tähtelä;2022;12;29;22:00;46.5;-7.2;3.8;92.1
Sodankylä Tähtelä;2022;12;29;23:00;46;-7.5;4;92.4
Sodankylä Tähtelä;2022;12;30;00:00;46;-7.7;4.6;92
Sodankylä Tähtelä;2022;12;30;01:00;46;-8;4.6;91.8
Sodankylä Tähtelä;2022;12;30;02:00;46;-8.4;5.3;91.3
Sodankylä Tähtelä;2022;12;30;03:00;46;-8.5;5.5;90.4
Sodankylä Tähtelä;2022;12;30;04:00;46;-8.1;5.1;91
Sodankylä Tähtelä;2022;12;30;05:00;46;-7.6;5.4;90.3
Sodankylä Tähtelä;2022;12;30;06:00;46;-7.7;5.2;90
Sodankylä Tähtelä;2022;12;30;07:00;46;-7.8;5.5;89.8
Sodankylä Tähtelä;2022;12;30;08:00;46;-7.9;5.6;89
-;2022;12;30;09:00;-;-;-;-
-;2022;12;30;10:00;-;-;-;-
Sodankylä Tähtelä;2022;12;30;11:00;-;-;-;-
Sodankylä Tähtelä;2022;12;30;12:00;-;-6.7;-;-
Sodankylä Tähtelä;2022;12;30;13:00;46;-6.1;4.6;88.3
Sodankylä Tähtelä;2022;12;30;14:00;46;-5.9;4;89
Sodankylä Tähtelä;2022;12;30;15:00;46;-5.7;4.3;89.7
Sodankylä Tähtelä;2022;12;30;16:00;46;-5.7;3.9;90.5
Sodankylä Tähtelä;2022;12;30;17:00;46;-5.7;3.9;90.7
Sodankylä Tähtelä;2022;12;30;18:00;46.3;-5.8;3.4;90.7
Sodankylä Tähtelä;2022;12;30;19:00;47;-5.8;3.6;90.5
Sodankylä Tähtelä;2022;12;30;20:00;47;-5.6;3.3;90.2
Sodankylä Tähtelä;2022;12;30;21:00;47;-5.5;3.6;90.8
Sodankylä Tähtelä;2022;12;30;22:00;47;-5.5;3.5;91
Sodankylä Tähtelä;2022;12;30;23:00;46.5;-5.3;3.3;91.8
Sodankylä Tähtelä;2022;12;31;00:00;46.8;-5.2;3.3;92.2
Sodankylä Tähtelä;2022;12;31;01:00;46.9;-5.1;3.3;92
Sodankylä Tähtelä;2022;12;31;02:00;47.4;-5.1;3.4;92.2
Sodankylä Tähtelä;2022;12;31;03:00;48;-5;3.6;92.5
Sodankylä Tähtelä;2022;12;31;04:00;48;-4.8;3.7;92.6
Sodankylä Tähtelä;2022;12;31;05:00;48;-4.7;3.3;93.3
Sodankylä Tähtelä;2022;12;31;06:00;48;-4.7;3.9;92.8
Sodankylä Tähtelä;2022;12;31;07:00;48;-4.6;4.2;92.9
Sodankylä Tähtelä;2022;12;31;08:00;48;-4.6;4.1;93
Sodankylä Tähtelä;2022;12;31;09:00;48;-4.5;4;93
Sodankylä Tähtelä;2022;12;31;10:00;47.8;-4.3;4.3;93.1
Sodankylä Tähtelä;2022;12;31;11:00;48;-4.4;4.5;93
Sodankylä Tähtelä;2022;12;31;12:00;48;-4.3;4.3;94.5
Sodankylä Tähtelä;2022;12;31;13:00;48;-4.4;4.3;94
Sodankylä Tähtelä;2022;12;31;14:00;47.5;-4.4;5.5;93.2
Sodankylä Tähtelä;2022;12;31;15:00;47;-4.3;5.3;93
Sodankylä Tähtelä;2022;12;31;16:00;47;-4.1;6.1;93
Sodankylä Tähtelä;2022;12;31;17:00;47;-3.9;5.6;93
Sodankylä Tähtelä;2022;12;31;18:00;47;-3.7;5.3;92.7
Sodankylä Tähtelä;2022;12;31;19:00;47.5;-3.6;4.9;91.8
Sodankylä Tähtelä;2022;12;31;20:00;48;-3.3;4.9;92.4
Sodankylä Tähtelä;2022;12;31;21:00;48.3;-3.1;5.1;93.4
Sodankylä Tähtelä;2022;12;31;22:00;49;-3;4.5;93.5
Sodankylä Tähtelä;2022;12;31;23:00;49;-2.8;3.5;93.7